Model,Accuracy,Precision,Recall,F1_Score,Training_Time_sec,Prediction_Time_sec,Memory_Change_MB,CPU_Utilization_percent
SVM_Linear,0.964912,1.0,0.904762,0.95,0.005899,0.001032,0.144531,2.8
SVM_Polynomial_Degree3,0.885965,1.0,0.690476,0.816901,0.003796,0.000535,0.0,2.8
SVM_RBF,0.973684,1.0,0.928571,0.962963,0.00329,0.000932,0.0,6.3
DecisionTree_max_depth_3,0.903509,0.942857,0.785714,0.857143,0.013938,0.000255,0.152344,1.2
DecisionTree_max_depth_5,0.921053,0.945946,0.833333,0.886076,0.006143,0.000256,0.0,1.3
DecisionTree_max_depth_10,0.929825,0.904762,0.904762,0.904762,0.00857,0.000302,0.0,1.4
DecisionTree_max_depth_15,0.929825,0.904762,0.904762,0.904762,0.008622,0.000345,0.0,5.6
DecisionTree_max_depth_None,0.929825,0.904762,0.904762,0.904762,0.007267,0.00025,0.0,2.6
DecisionTree_min_samples_split_2,0.929825,0.904762,0.904762,0.904762,0.008982,0.000245,0.0,7.6
DecisionTree_min_samples_split_5,0.938596,0.926829,0.904762,0.915663,0.007315,0.000278,0.003906,13.0
DecisionTree_min_samples_split_10,0.903509,0.878049,0.857143,0.86747,0.007362,0.000262,0.0,9.0
DecisionTree_min_samples_split_20,0.921053,0.902439,0.880952,0.891566,0.008674,0.000292,0.0,1.3
