model,accuracy,precision_macro,recall_macro,f1_macro,train_time_sec,peak_memory_MB
SVM (linear kernel),0.9625,0.9627139425482935,0.9624999999999999,0.962497186867045,0.07194048100018335,0.349006
SVM (poly kernel),0.805,0.8154927523334915,0.805,0.8073059429050213,0.25431344000003264,0.340924
SVM (rbf kernel),0.895,0.89685959761263,0.895,0.8956306226521206,0.15431947000001855,0.340804
DT max_depth=2,0.7425,0.7572359091989826,0.7425,0.7459419802412222,0.012025179999909597,0.226926
DT max_depth=4,0.79,0.8015049791580184,0.7899999999999999,0.7888420387608868,0.023460300000124334,0.226467
DT max_depth=8,0.85,0.8522611648980398,0.85,0.85006599883784,0.026760669999930542,0.225763
DT max_depth=None (full),0.83,0.8318831447022742,0.83,0.830168476083014,0.027445449999959237,0.225763
DT min_samples_split=2,0.83,0.8318831447022742,0.83,0.830168476083014,0.021643528999902628,0.227039
DT min_samples_split=10,0.85,0.8546247309391639,0.85,0.8511339107656033,0.03536252999992939,0.225763
DT min_samples_split=50,0.8375,0.8460918297624369,0.8375,0.8398920046191481,0.02238119999992705,0.226325
DT min_samples_split=100,0.8,0.8039691897357344,0.7999999999999999,0.8012093984451707,0.02030783000009251,0.226513
