Model,Accuracy,Precision,Recall,F1,Time,Memory_MB
SVM_linear,0.9633577614923384,0.9633820702250828,0.9633577614923384,0.9633592254401062,0.05792093276977539,2.18359375
SVM_poly,0.9633577614923384,0.963465531634037,0.9633577614923384,0.9633599084441792,0.07084965705871582,-2.3984375
SVM_rbf,0.966688874083944,0.9669118764079219,0.966688874083944,0.9666905300651203,0.07599306106567383,2.71484375
DT_depth=3_minSplit=2,0.9540306462358428,0.9540305137234699,0.9540306462358428,0.9540301564239777,0.00551152229309082,0.12890625
DT_depth=3_minSplit=5,0.9540306462358428,0.9540305137234699,0.9540306462358428,0.9540301564239777,0.004359722137451172,0.0
DT_depth=3_minSplit=10,0.9540306462358428,0.9540305137234699,0.9540306462358428,0.9540301564239777,0.00533294677734375,0.0
DT_depth=5_minSplit=2,0.9573617588274483,0.9580230655438357,0.9573617588274483,0.9573591092857914,0.005827903747558594,0.0
DT_depth=5_minSplit=5,0.9573617588274483,0.9580230655438357,0.9573617588274483,0.9573591092857914,0.0061571598052978516,0.0
DT_depth=5_minSplit=10,0.9573617588274483,0.9580230655438357,0.9573617588274483,0.9573591092857914,0.008084774017333984,0.0
DT_depth=10_minSplit=2,0.9600266489007329,0.9601540526466599,0.9600266489007329,0.9600289910061024,0.008425712585449219,0.01171875
DT_depth=10_minSplit=5,0.9626915389740173,0.9627502080213982,0.9626915389740173,0.9626935263066785,0.00896000862121582,0.0078125
DT_depth=10_minSplit=10,0.9653564290473018,0.9653904179643172,0.9653564290473018,0.9653579976651444,0.0065343379974365234,0.0
DT_depth=None_minSplit=2,0.9566955363091273,0.9567054874503724,0.9566955363091273,0.9566966897614347,0.007262706756591797,0.0
DT_depth=None_minSplit=5,0.9633577614923384,0.9634033099015371,0.9633577614923384,0.9633595832390132,0.006829738616943359,0.0
DT_depth=None_minSplit=10,0.9653564290473018,0.9653904179643172,0.9653564290473018,0.9653579976651444,0.007464408874511719,0.0
