model,accuracy,precision,recall,f1_score,train_time_sec,train_cpu_sec,train_mem_mb,predict_time_sec
SVM (linear kernel),0.695364238410596,0.6753246753246753,0.7123287671232876,0.6933333333333334,0.028006792068481445,0.0140625,0.17578125,0.01145315170288086
SVM (poly kernel),0.7152317880794702,0.7884615384615384,0.5616438356164384,0.656,0.013617753982543945,0.0125,0.0,0.002995014190673828
SVM (rbf kernel),0.7350993377483444,0.7323943661971831,0.7123287671232876,0.7222222222222222,0.015291452407836914,0.015625,0.0,0.006304025650024414
DecisionTree (min_samples_split=10),0.7549668874172185,0.7571428571428571,0.726027397260274,0.7412587412587412,0.0062749385833740234,0.00625,0.1484375,0.0010807514190673828
DecisionTree (min_samples_split=50),0.7218543046357616,0.7313432835820896,0.6712328767123288,0.7,0.005000114440917969,0.0046875,0.0,0.0020055770874023438
DecisionTree (max_depth=2),0.7019867549668874,0.6944444444444444,0.684931506849315,0.6896551724137931,0.005712747573852539,0.00390625,0.0,0.00109100341796875
DecisionTree (max_depth=5),0.7814569536423841,0.803030303030303,0.726027397260274,0.762589928057554,0.004717111587524414,0.00546875,0.0,0.0020017623901367188
DecisionTree (max_depth=10),0.7350993377483444,0.726027397260274,0.726027397260274,0.726027397260274,0.0068700313568115234,0.0046875,0.0,0.0010726451873779297
DecisionTree (max_depth=None),0.7350993377483444,0.7323943661971831,0.7123287671232876,0.7222222222222222,0.006490468978881836,0.00625,0.0,0.0011091232299804688
