Model,Kernel/Params,Accuracy,F1-Score,Train_Time(s),Infer_Time(s),Precision_0,Recall_0,Precision_1,Recall_1
SVM,linear,0.9923,0.9923,0.192,0.02088,0.993,0.990,0.992,0.994
SVM,poly,0.9882,0.9882,0.267,0.04397,0.998,0.976,0.980,0.998
SVM,rbf,0.9926,0.9926,0.199,0.08197,0.994,0.989,0.991,0.995
DT,depth=3_split=2,0.9915,0.9915,0.041,0.00049,-,-,-,-
DT,depth=3_split=5,0.9915,0.9915,0.041,0.00048,-,-,-,-
DT,depth=3_split=10,0.9915,0.9915,0.042,0.00047,-,-,-,-
DT,depth=5_split=2,0.9901,0.9901,0.065,0.00062,-,-,-,-
DT,depth=5_split=5,0.9901,0.9901,0.066,0.00046,-,-,-,-
DT,depth=5_split=10,0.9901,0.9901,0.065,0.00059,-,-,-,-
DT,depth=10_split=2,0.9874,0.9873,0.097,0.00051,-,-,-,-
DT,depth=10_split=5,0.9874,0.9874,0.096,0.00049,-,-,-,-
DT,depth=10_split=10,0.9879,0.9879,0.095,0.00049,-,-,-,-
DT,depth=None_split=2,0.9843,0.9843,0.109,0.00049,-,-,-,-
DT,depth=None_split=5,0.9827,0.9827,0.099,0.00051,-,-,-,-
DT,depth=None_split=10,0.9849,0.9849,0.096,0.00052,-,-,-,-
