Model,Accuracy,Precision,Recall,F1-Score,Execution Time (sec)
SVM - Linear Kernel,0.6097560975609756,0.0,0.0,0.0,0.22690890001831576
SVM - Polynomial Kernel,0.6204268292682927,0.5945945945945946,0.0859375,0.15017064846416384,0.32473980000941083
SVM - RBF Kernel,0.6707317073170732,0.7040816326530612,0.26953125,0.3898305084745763,0.3335961999837309
Decision Tree - max_depth=3,0.6326219512195121,0.6119402985074627,0.16015625,0.25386996904024767,0.008918100036680698
Decision Tree - max_depth=5,0.6463414634146342,0.6428571428571429,0.2109375,0.3176470588235294,0.011805200017988682
Decision Tree - max_depth=10,0.6417682926829268,0.5801526717557252,0.296875,0.39276485788113696,0.01696310000261292
Decision Tree - max_depth=15,0.6280487804878049,0.54,0.31640625,0.39901477832512317,0.02474279998568818
Decision Tree - min_samples_split=2,0.5960365853658537,0.48132780082987553,0.453125,0.46680080482897385,0.027087499969638884
Decision Tree - min_samples_split=10,0.600609756097561,0.4861111111111111,0.41015625,0.4449152542372881,0.029044499970041215
Decision Tree - min_samples_split=20,0.5975609756097561,0.4807692307692308,0.390625,0.43103448275862066,0.029312799975741655
