tSNE_1,tSNE_2,Potability
1.1959368,-4.6041155,0
0.7150888,-38.41649,0
21.500208,38.893326,0
30.473484,42.378002,0
32.43286,-7.6001086,0
22.061235,-3.3815658,0
-35.327427,38.777924,0
-14.790499,18.894743,0
-13.44149,-22.748617,0
15.952202,49.144234,0
-36.050373,-25.105942,0
12.069497,9.373673,0
-18.903831,25.94913,0
-34.00207,-13.986389,0
-13.742707,-11.906847,0
-30.513348,-49.28562,0
5.5279455,28.613634,0
9.916109,59.690266,0
-0.5493791,51.82351,0
-31.0562,27.238499,0
-28.618986,4.7059264,0
-37.10795,-2.1723244,0
-12.235436,-9.273236,0
-11.124741,-40.52433,0
9.709692,-40.441227,0
13.235727,-28.829283,0
-23.365921,-43.453495,0
27.398817,-17.035776,0
-12.246426,62.805977,0
-0.82094026,-43.75779,0
12.6341,-19.446459,0
6.4262,42.120113,0
35.77092,-37.324524,0
-13.337074,62.645042,0
5.5573864,-11.014924,0
-2.7716815,-15.428411,0
-22.600819,-48.52454,0
11.100417,17.182058,0
25.690454,31.632074,0
-7.9501867,39.807472,0
-9.328757,30.052488,0
20.02052,-26.854914,0
34.227978,-20.472504,0
24.621279,45.315956,0
-29.039999,-11.837582,0
-40.03669,-26.28363,0
14.924315,19.01653,0
12.871157,2.4395835,0
-35.164814,-12.91815,0
-9.496867,42.832813,0
-16.811333,-22.585926,0
-33.351414,-10.337968,0
-31.816559,-8.543653,0
4.0936623,37.50926,0
-5.177899,41.286957,0
-3.5957396,11.113242,0
-15.185678,63.24132,0
-12.956887,-35.514755,0
18.794968,-24.710955,0
29.779125,-15.343653,0
-27.897608,-37.490513,0
-9.532884,35.744476,0
-28.545206,9.191404,0
13.705726,-1.2538046,0
-52.05597,-13.735863,0
13.625775,-25.196032,0
2.4310167,-44.872528,0
35.806747,-33.273182,0
-9.819465,29.686296,0
-32.099728,4.0446596,0
-16.11804,27.276047,0
-17.257097,-50.35611,0
-1.3332105,-42.72698,0
5.393378,25.696705,0
2.6591334,8.512287,0
-14.149186,-16.13856,0
6.09483,-46.89824,0
-33.07648,-39.049286,0
-24.80412,-9.026939,0
3.2239063,-19.24907,0
-16.280333,-41.698063,0
39.103783,-1.985086,0
-2.0097835,0.03795647,0
-23.831717,35.454647,0
-31.869217,-7.9488087,0
15.038678,-11.123152,0
-3.0345705,9.945553,0
19.515377,44.693054,0
9.656599,58.566658,0
-25.74877,32.592,0
-5.757359,-4.428844,0
1.0641891,-19.69203,0
26.806099,21.24653,0
-26.172686,34.313488,0
-3.4974658,-4.195993,0
-22.370493,-11.260229,0
-12.985432,-16.97865,0
-3.1690946,-39.66803,0
-14.665035,-22.801712,0
28.41253,0.98478675,0
-22.449863,-39.362026,0
-6.489155,10.238479,0
-22.882368,-1.1706088,0
-38.668888,-23.906027,0
-21.204477,-43.711174,0
24.57824,36.654064,0
1.1624812,-15.7569275,0
5.7527075,57.027714,0
-24.953373,-30.919228,0
3.7760925,40.967754,0
3.8868043,52.289032,0
9.854188,-9.468612,0
56.911198,16.85104,0
14.012154,-52.796986,0
18.55926,15.211452,0
19.541544,-20.806713,0
36.88333,17.065245,0
-0.68385035,49.50963,0
-33.027542,-10.147938,0
-38.34097,-20.790356,0
-33.990414,-14.38171,0
-24.36545,-1.6150123,0
33.17606,-21.345333,0
4.48133,19.681883,0
-3.4979565,7.303231,0
45.995274,19.896011,0
58.731575,16.570793,0
22.879442,-19.618555,0
1.0555313,59.48818,0
-14.767966,24.1291,0
-16.944147,26.22132,0
-26.391512,-17.397457,0
-21.661837,26.33785,0
-14.799995,62.31101,0
-27.156942,-21.549137,0
-20.86439,1.8609582,0
21.218882,-24.850147,0
-4.79666,-31.68154,0
3.2116556,47.841908,0
-18.75097,7.3164053,0
-26.929108,38.56249,0
-3.7455182,-6.187429,0
-46.60337,-11.7677355,0
-17.436306,6.0364013,0
-1.3944912,26.78454,0
-16.045614,23.174799,0
-1.0737371,-35.06186,0
8.339445,53.17472,0
29.765442,-41.795616,0
9.183524,-48.983326,0
25.32156,-40.216476,0
8.80757,-29.04123,0
-10.217561,-17.789186,0
6.1240425,-39.250443,0
9.401701,-5.5527296,0
22.571882,-2.2319775,0
3.964283,24.09734,0
-14.679802,26.768959,0
-3.7078133,7.075021,0
-11.846643,38.04986,0
5.495595,22.72387,0
39.16942,16.439363,0
0.93353957,-34.79778,0
-11.589443,-22.073767,0
35.967556,9.695482,0
37.91274,13.474772,0
-40.738934,-17.035095,0
-7.8301625,13.806387,0
1.3587031,-14.051329,0
-33.32311,-9.696614,0
-32.388596,18.478466,0
18.207136,-6.5190444,0
41.79532,16.255995,0
-3.9222348,51.917187,0
-12.668682,17.003176,0
-2.021313,-38.672634,0
-28.81457,1.9845265,0
26.722197,6.154065,0
-40.819595,1.5750085,0
23.318598,-20.595234,0
56.451427,16.857069,0
-21.307941,-9.75386,0
-26.573992,-49.364475,0
24.354277,11.329129,0
-31.785456,-8.842363,0
-11.883491,50.57911,0
-47.6519,-14.372907,0
-24.538033,38.1016,0
9.126955,-28.625956,0
-33.96414,-14.571392,0
17.937393,-13.951044,0
-4.7805924,37.501232,0
-12.458173,24.636642,0
-44.137142,3.1422353,0
1.725596,25.950747,0
25.60038,21.81913,0
-7.7786894,53.29424,0
-39.813183,-26.63374,0
-42.37989,-36.067326,0
-4.128029,-37.227966,0
-19.54708,-22.753624,0
8.746498,-7.3431087,0
-1.1967446,0.13475066,0
32.57524,0.054120895,0
-1.6743741,41.33503,0
2.3992429,45.93819,0
-11.7026005,-22.76743,0
-12.118125,62.566975,0
17.110332,47.653564,0
-11.783546,-27.490398,0
-9.422418,-32.11331,0
17.946104,-6.99144,0
-7.5750804,-16.1599,0
30.625584,-7.1437426,0
25.897238,1.7004304,0
-51.892365,-13.586229,0
-16.568504,26.43616,0
-20.382252,-0.8945355,0
39.186974,13.103313,0
-18.616299,33.821583,0
-0.7065456,-11.636812,0
-15.259125,-22.993341,0
34.38484,-46.43779,0
4.380827,50.82863,0
-0.41411352,37.52934,0
20.105309,24.971718,0
10.315362,60.155823,0
-31.230522,-5.908266,0
-14.481527,22.214289,0
-6.4165916,-23.05912,0
-25.840843,9.164659,0
-26.298397,-7.8542194,0
-17.370413,-2.767575,0
-21.172903,23.56779,0
-25.583963,-40.514862,0
-12.891548,-44.9776,0
15.529628,-31.519775,0
10.112996,-14.458995,0
-23.356228,7.870901,0
-14.442272,32.799,0
1.0131143,58.53124,0
22.28123,16.406763,0
33.7391,-38.760223,0
-9.55371,40.34184,0
-12.17062,19.016989,0
36.287247,-4.2163067,0
9.013595,-48.85726,0
4.457572,47.82978,0
57.48038,17.131441,0
15.403123,-26.019796,0
36.99237,-40.985218,1
33.700188,-39.248707,1
34.49447,1.5602398,1
-67.4536,-1.314053,1
5.1715674,4.891952,1
12.958906,19.903585,1
7.761746,27.33871,1
-11.263195,-17.264917,1
39.073605,-38.994015,1
6.0877066,16.649944,1
-13.831143,33.527493,1
-7.5275545,-43.82784,1
-23.860348,36.43595,1
37.87065,-37.339066,1
40.68072,-18.581264,1
-26.994188,-27.103626,1
18.310917,12.850314,1
28.82975,4.7011156,1
-0.24998692,11.569965,1
36.508038,32.98436,1
-65.32845,-9.523151,1
-18.97595,-4.567142,1
-67.7212,-3.0286925,1
-36.517925,-25.037552,1
-14.7907715,11.440987,1
-67.71311,-2.4501467,1
5.0981355,31.411037,1
-20.319086,-34.068836,1
36.539528,-37.252483,1
0.72292167,21.167582,1
39.749863,-41.57965,1
19.067738,-32.869667,1
-14.482759,-1.6049685,1
-52.055878,-18.15748,1
27.428202,-45.491444,1
-12.958266,29.945467,1
18.583513,13.097749,1
-40.82017,10.5194025,1
-64.07675,-6.3408327,1
-65.308685,-8.056761,1
0.7569343,-1.3326902,1
47.488308,-5.690106,1
-41.979584,18.20073,1
14.595862,18.210976,1
4.5796866,-29.248512,1
16.85053,-3.5104918,1
21.365955,15.304667,1
-11.147654,2.3217962,1
-12.254706,-36.481083,1
-16.920824,-28.422619,1
33.13401,-21.399042,1
29.569153,-43.01784,1
-25.245182,19.112959,1
-58.51756,-14.627275,1
32.628845,-31.578442,1
-1.2778704,20.96862,1
6.275552,-12.15528,1
11.288648,-34.030132,1
-23.017292,-0.7979174,1
36.633537,-39.46583,1
-64.585205,2.2915874,1
-34.04021,17.928661,1
-32.85451,-19.892775,1
-18.006788,-31.182032,1
-63.527313,-6.9584317,1
30.013798,-24.883072,1
30.170004,-13.91085,1
39.138905,-37.714672,1
4.628963,19.454607,1
5.7842155,-29.35255,1
38.318207,-24.257914,1
2.075776,23.92424,1
-62.80187,-6.9689865,1
29.30886,5.296037,1
-69.77709,-2.7868207,1
15.08371,31.793234,1
1.8762068,24.785162,1
16.197079,-0.15460657,1
-19.936174,-27.226465,1
4.808499,-27.40357,1
36.476337,-4.302052,1
-23.218102,-4.2426753,1
42.876328,-5.58218,1
8.486729,2.2913344,1
-24.15974,35.316257,1
53.241474,-4.3710184,1
-40.160454,-38.718887,1
-5.696657,17.135904,1
3.339383,16.8032,1
33.277977,-41.686356,1
-5.038772,-9.005573,1
-66.18031,-6.5392594,1
0.71162176,-1.1494814,1
33.104893,-4.717873,1
-3.4280117,23.251955,1
49.10173,-29.921877,1
15.227193,6.9904723,1
-37.46086,-44.745144,1
32.672443,-10.779896,1
32.81915,-10.383435,1
27.056427,-43.64454,1
-67.64764,-3.5805492,1
43.852478,21.149109,1
31.273428,-6.8720956,1
-37.75928,-45.901237,1
23.418064,-41.078697,1
-8.110456,4.1240354,1
-66.23243,-0.292532,1
-27.315315,-38.056473,1
47.066223,-6.075352,1
16.656666,6.10191,1
33.60525,-6.209817,1
14.958028,-16.574965,1
12.708418,34.749943,1
-0.61141515,26.033133,1
-67.20634,-1.1421899,1
-41.726852,-39.046764,1
-13.097247,-27.32044,1
-0.31319356,-28.930721,1
-32.243443,12.970731,1
-36.90701,14.798042,1
41.469803,-19.951128,1
-32.083393,-27.006542,1
16.765825,31.673004,1
8.275566,36.01073,1
-26.418278,3.1704175,1
39.82086,-41.738487,1
-10.51851,-20.25305,1
-40.834408,-38.061165,1
37.850132,-38.47057,1
-69.23542,-2.7244735,1
-16.362993,-33.389256,1
-14.128577,-48.215996,1
-39.509342,-42.042614,1
45.573353,23.269327,1
-39.887917,14.163296,1
-59.865345,-11.7189245,1
26.329844,32.236076,1
1.5374608,18.403364,1
-7.471767,25.38749,1
3.5339742,-22.77525,1
9.45973,32.744755,1
19.146696,22.526546,1
21.528551,-19.240374,1
22.223076,17.953817,1
-4.639668,-4.068898,1
-20.709856,40.167183,1
-37.979706,22.981762,1
-2.8960998,46.304478,1
4.074725,-13.312995,1
-59.87603,-11.625507,1
43.453136,28.42794,1
2.5762208,22.999275,1
13.755903,-24.292877,1
-22.541689,-4.005451,1
-64.62542,2.329039,1
-14.408555,32.67532,1
16.731585,22.01221,1
40.273907,-15.273879,1
45.24915,-20.406504,1
24.111074,-17.048872,0
-15.131335,-2.4122996,0
-27.055832,15.579239,0
-42.525585,-14.406701,0
7.730382,-39.0122,0
-29.530937,4.5702305,0
-32.24264,21.658836,0
11.807246,5.098568,0
19.917532,-26.223055,0
5.159167,-51.637627,0
23.064886,33.38126,0
-9.811604,2.8680985,0
-24.231537,22.161318,0
26.228756,-20.658377,0
-34.206913,10.926709,0
-49.28468,4.5335493,0
10.099136,-21.200558,0
24.381588,43.361732,0
8.642785,-17.245295,0
-32.54083,22.098793,0
17.188313,35.465126,0
15.6390915,9.450657,0
-33.995327,12.95254,0
-26.022036,33.5767,0
7.2350516,-52.762367,0
10.522544,-32.86043,0
-45.96859,-23.097178,0
9.063762,48.347046,0
-18.749054,11.42542,0
17.877884,-30.618479,0
-24.736479,1.714553,0
-48.839073,11.482926,0
-21.754786,-35.708782,0
19.542316,-5.983321,0
34.184,12.25545,0
24.439302,14.439753,0
16.199894,52.715805,0
-2.0705626,5.7012997,0
-15.11194,11.056353,0
-34.369152,27.142424,0
32.53089,-26.965647,0
35.34009,22.478228,0
18.149588,-38.510204,0
19.97885,-24.923016,0
-4.690806,47.746403,0
34.205933,33.600986,0
13.662867,-37.830105,0
-2.642705,0.33707988,0
37.19971,3.0658603,0
7.4331627,33.913174,0
20.755028,-12.652035,0
-35.387314,-26.891447,0
29.270592,26.798063,0
-31.621168,28.226906,0
8.216958,-2.69475,0
-27.549606,-33.34824,0
-22.803223,0.97747576,0
3.792734,-7.822901,0
-23.055634,-16.11835,0
9.076651,48.340126,0
-10.595194,-9.5194025,0
-22.012644,-35.90466,0
35.097996,19.792667,0
1.1085438,-33.64433,0
17.074715,-20.186466,0
2.768341,31.669899,0
29.012861,11.636449,0
-32.319595,-28.943865,0
-16.79244,4.0568004,0
-9.611414,-34.190563,0
4.8550057,-9.529661,0
-20.330315,1.5680943,0
1.595878,-11.70687,0
10.471151,13.314065,0
-25.275972,-18.851917,0
-18.129253,-0.73443377,0
26.261692,42.70626,0
-14.013913,2.641182,0
-14.273204,18.180754,0
27.859673,8.044958,0
-26.042185,27.457802,0
-2.1254706,-25.99932,0
-13.359433,-3.3691862,0
-15.565993,16.726254,0
-59.780293,-15.766968,0
18.382576,-22.163174,0
-4.782358,-10.90038,0
32.950264,-2.7877138,0
-0.7565255,-46.99616,0
-12.123029,27.083954,0
15.721123,-30.357979,0
-4.9308276,-35.60409,0
-28.068727,-13.461975,0
8.49428,-52.772377,0
-37.40614,-31.8833,0
-2.4796443,38.247086,0
-45.92939,-21.47821,0
23.633862,15.146507,0
40.156174,36.036396,0
-35.838253,24.947506,0
-31.60539,-36.829853,0
16.805075,-15.209824,0
-49.025013,5.07922,0
1.4199142,-17.648153,0
5.7484083,-40.681835,0
-47.35429,-27.51828,0
-46.606514,-28.235346,0
-3.8261166,-9.952608,0
-21.965244,-18.95289,0
-19.429754,-42.308243,0
-12.35841,-14.976287,0
-13.172989,-9.183875,0
-2.953102,-14.460512,0
15.141309,43.81054,0
-38.260372,-31.860373,0
-11.760618,-7.298445,0
7.4876,45.291893,0
23.001787,16.752,0
-21.220516,-29.536167,0
-3.8548815,50.39318,0
-17.733927,-9.258383,0
-12.479358,-29.019737,0
16.267931,-30.636978,0
-23.212858,-19.224777,0
1.7750548,-52.728073,0
-24.593416,-1.3918072,0
12.551467,-0.41328874,0
37.4142,25.35011,0
37.4937,9.552913,0
11.16486,38.392303,0
-7.9008093,-41.489376,0
4.0742354,-48.523273,0
6.352228,47.0966,0
1.7400924,-52.673347,0
-3.5515518,-8.692201,0
49.818428,23.713945,0
-32.751038,-41.813637,0
16.713293,30.726576,0
-24.941452,1.8693752,0
26.176746,-29.643696,0
9.340162,-3.735711,0
3.5615838,-11.5037,0
-11.94656,26.64805,0
32.371063,30.201296,0
-8.626518,-13.4871235,0
-9.713042,9.208108,0
50.142723,22.956373,0
7.5841036,46.94358,0
-3.1695712,23.332039,0
-13.809562,1.8290524,0
-22.51118,11.95903,0
22.754885,9.780138,0
-41.68737,-23.486732,0
26.013836,-29.838037,0
-23.126123,-29.808548,0
-17.609793,30.607449,0
22.20519,-15.176767,0
-8.749267,49.62019,0
13.454857,21.241451,0
11.610502,-52.93766,0
-9.173124,-1.5290126,0
18.510223,20.885237,0
29.48233,-19.842688,0
0.28499788,-5.9181676,0
-13.903863,-9.874878,0
17.133554,9.620368,0
-1.0038717,-32.581203,0
-4.584119,56.678867,0
-30.572798,-31.853296,0
2.5695987,8.271371,0
-12.598741,-10.482465,0
35.332813,19.560034,0
-8.954536,39.582634,0
-44.968075,-22.006512,0
-28.76112,16.148687,0
-6.0772877,25.340937,0
5.1058946,-41.14154,0
5.1173215,50.350502,0
9.886039,4.1353445,0
35.49256,-8.229707,0
26.591324,48.592426,0
12.331498,-38.016357,0
15.234338,-7.161268,0
25.58063,27.806845,0
-22.728157,-11.982031,0
33.295727,27.592113,0
-35.440464,20.440693,0
-24.162642,-18.24519,0
35.369907,24.327768,0
-45.85362,-18.210392,0
-6.191057,31.19685,0
-3.1535676,15.077649,0
-3.0316553,50.903343,0
-29.284386,30.434187,0
14.603176,16.775215,0
-6.9614863,-4.40865,0
36.45116,25.343105,0
8.120774,47.834396,0
31.383265,-31.119972,0
19.466665,-13.473205,0
-45.414047,-13.496151,0
-22.5639,1.9846761,0
-20.212706,-2.0985057,0
-47.67422,-14.596247,0
-7.981115,26.807556,0
-18.274208,-10.495709,0
12.183365,-37.891026,0
-0.7330721,-47.081974,0
11.929066,0.80643666,0
-13.955163,6.2226315,0
19.736544,-16.125868,0
-29.176651,10.909858,0
-36.22243,-37.382805,0
-14.116374,-17.120499,0
-8.665612,-13.784646,0
11.353999,-24.187927,0
-44.55342,-22.751423,0
14.402507,22.824068,0
-33.76467,22.627678,0
20.049463,-46.57921,0
1.4669697,33.16793,0
5.8232965,36.1853,0
27.140228,-11.162479,0
-29.414207,-43.792408,0
-12.34765,0.40202472,0
27.25309,27.983374,0
-45.031292,-20.67786,0
28.005611,-32.38361,0
-30.302002,-41.29375,0
0.31950396,46.56315,0
12.732303,19.628317,0
-13.540511,-9.546888,0
20.127682,12.9943,0
35.131638,-1.5047456,0
35.79921,25.554756,0
-16.518694,32.288723,0
12.751656,16.608374,0
19.711493,45.477215,0
-48.16352,-21.065115,0
-31.755095,-27.965338,0
-10.47182,29.519873,0
-13.3801985,27.215076,0
-4.5293283,56.853878,0
-18.038034,-0.23383856,0
-5.338359,-11.644578,0
-11.246392,36.43702,0
22.207417,-12.039604,0
4.2987666,-20.492773,0
19.284407,-3.6189601,0
22.213339,-31.311422,0
21.426165,16.813366,1
7.169049,20.499971,1
8.457958,15.389561,1
41.84059,24.294441,1
16.665712,20.362427,1
9.450398,41.23773,1
-47.207,-10.892732,1
-3.4235587,26.904446,1
19.688822,41.83395,1
37.092636,5.482101,1
-42.47671,18.621523,1
25.614523,-17.753567,1
30.741957,13.43856,1
-18.8567,12.07539,1
-25.435976,-13.2051,1
22.81265,36.143394,1
-26.161448,19.803717,1
-17.685139,35.057755,1
-6.4531207,-41.01032,1
-10.719552,4.5412188,1
-29.43477,46.651882,1
-16.498959,-36.546734,1
49.410145,-22.035593,1
-3.9012349,-2.1344008,1
-12.017744,25.360786,1
-7.736965,-41.31262,1
-31.123138,18.843365,1
17.37742,-27.54639,1
28.597033,2.058977,1
30.651537,47.328094,1
-19.256989,48.522015,1
-13.495327,4.5429482,1
-34.003075,-38.438747,1
-6.2485456,27.709682,1
-22.343374,-26.94373,1
-26.972532,-12.815973,1
-21.255632,13.989228,1
21.539946,-13.882021,1
44.74103,-10.424822,1
-42.636787,-5.208384,1
-0.7553776,35.510925,1
37.86143,24.744335,1
18.890915,-9.752473,1
-30.31462,44.623943,1
-30.46721,-27.360468,1
-31.456293,-40.03758,1
-26.460535,-12.511927,1
-24.013842,47.76389,1
26.245163,-38.022682,1
15.3703575,28.388268,1
-16.545965,-32.313538,1
-17.122381,-27.995708,1
-5.807549,-38.059414,1
12.832924,-49.38335,1
-17.76386,1.2533584,1
6.461392,-14.103687,1
-22.733067,-38.868824,1
19.761816,42.645065,1
-19.531479,26.85016,1
-46.974575,-42.02063,1
-20.016886,-23.883608,1
-22.680643,-48.49007,1
-1.8860639,-8.703249,1
15.550919,46.834354,1
30.267012,27.438953,1
28.599512,44.360867,1
-21.809519,-46.518627,1
-1.4415462,-11.969358,1
-57.093,11.250186,1
-5.8899307,-13.356403,1
-9.641766,-6.080963,1
29.144602,44.32843,1
6.3592663,-36.981174,1
14.690782,45.453648,1
-5.776766,-5.332954,1
-10.561166,28.075409,1
28.130564,24.181593,1
-11.59787,-2.4467032,1
25.515772,-28.519466,1
27.56837,17.668951,1
9.886308,25.79808,1
-29.394981,-42.357635,1
12.166802,-8.55739,1
1.9182416,-26.518248,1
28.652082,-10.609948,1
3.3147821,-24.913904,1
-27.342636,13.087759,1
-6.9326086,1.6326318,1
-41.783836,22.881113,1
5.550362,1.7475278,1
-2.0803628,-16.983768,1
14.914865,-5.5670066,1
-3.5842528,-22.896315,1
-9.516918,-10.933146,1
46.913136,16.610167,1
19.180653,43.933315,1
-16.44177,-36.6989,1
20.057161,38.380447,1
25.364096,-22.428324,1
-39.948044,26.716917,1
57.554283,2.945912,1
-41.19022,6.581685,1
15.352678,-8.179662,1
31.226143,48.22096,1
-36.306286,-9.874775,1
9.017754,27.804003,1
7.747796,28.724838,1
7.3909082,13.133561,1
45.005436,26.998535,1
-16.423681,-32.08427,1
-33.813377,-32.12073,1
-8.48654,-54.54453,1
-38.54859,-9.78588,1
18.930098,18.362865,1
13.361827,16.171532,1
-20.211252,2.072914,1
42.556095,-11.005158,1
-21.094322,49.3046,1
-44.974598,-11.423977,1
1.919281,31.071674,1
-36.513535,13.045846,1
54.66642,-15.830905,1
-24.186056,44.15223,1
16.863274,45.990597,1
37.381283,5.300475,1
-51.765743,15.079569,1
-29.29105,46.493416,1
6.3370266,18.028027,1
49.536686,-29.609907,1
-42.839005,39.271317,1
12.544231,-50.109673,1
-19.641983,-31.316452,1
-28.21291,-9.429799,1
-53.772583,-4.1728044,1
18.859798,41.271965,1
3.5652728,51.93612,1
18.633001,40.753643,1
7.430816,12.007288,1
6.0133834,-21.006363,1
22.665602,-22.763618,1
24.780666,-22.123938,1
29.090199,45.60885,1
-31.560675,44.484314,1
-13.183289,21.128775,1
-20.580359,-13.738123,1
16.431824,48.858643,1
-28.535372,-9.153281,1
-54.9631,5.297902,1
54.6026,2.2597656,1
-3.3479981,28.869555,1
51.996017,-14.025884,1
13.474164,-8.450874,1
19.903648,42.681835,1
12.715182,-32.52958,1
24.38626,-30.584425,1
40.54849,-17.34764,1
12.01201,-30.039532,1
4.6983676,1.7657132,1
-28.930853,-9.4652,1
31.275043,20.02599,1
27.775751,-2.4854934,0
-30.399275,-22.581167,0
-18.427721,-38.607086,0
12.23955,-20.810549,0
-4.971835,-13.562723,0
-0.17673944,-23.307968,0
-5.0942006,-17.450872,0
12.08559,-27.429499,0
6.6182246,23.822485,0
-4.0825653,-15.577413,0
3.2270808,15.138866,0
-30.106014,-49.416103,0
11.552347,-23.091087,0
0.8238985,15.164659,0
15.707219,-46.19152,0
-4.8455663,-20.13451,0
16.82639,23.267735,0
3.4831796,14.190083,0
1.7552646,4.054669,0
-25.654465,21.263956,0
-6.6880436,-48.123127,0
34.38788,29.819378,0
-33.882084,-35.521534,0
3.950672,-15.424125,0
30.35993,35.201782,0
8.784631,16.87287,0
-25.501131,6.988539,0
-17.70432,7.6366153,0
29.1667,26.417755,0
14.905956,-35.23189,0
-31.095398,9.441358,0
-29.33166,-35.61595,0
-51.495754,13.594865,0
-29.26978,-29.522463,0
28.9447,11.481163,0
-29.194366,-29.556839,0
29.322495,40.312428,0
-18.60517,-34.602955,0
-40.007782,-37.4551,0
-22.476873,3.8109467,0
-0.75661176,36.159874,0
0.16901962,-20.405851,0
20.498402,40.49058,0
8.094084,18.72371,0
-5.3199506,-20.564766,0
-12.540281,36.63932,0
41.562115,-14.741145,0
-18.790392,-42.917965,0
8.123814,16.232124,0
-19.64364,-42.03716,0
22.728304,35.98585,0
3.3087673,50.2974,0
30.253288,-1.1916524,0
29.554283,46.19597,0
8.63424,22.149395,0
3.7682483,-38.292633,0
12.901342,-12.296096,0
-25.108875,-12.448329,0
-19.033901,47.97296,0
5.634521,-1.7645338,0
-6.9244933,-34.86127,0
-16.937307,-11.819692,0
11.912784,43.6492,0
-32.8326,-31.486921,0
-27.003668,-47.621582,0
-24.505966,-17.846924,0
18.01901,47.84333,0
-7.2146373,-18.380053,0
-0.5463935,-5.27702,0
-25.799875,-11.124947,0
-4.618188,-8.278798,0
-9.586606,9.371215,0
-26.595318,-35.246197,0
3.0261972,1.4246553,0
-5.003522,-29.289019,0
-31.186108,-35.110928,0
18.090448,-19.061537,0
-0.65761125,41.40274,0
-7.2167864,-23.358124,0
-16.228888,10.887511,0
2.219556,-10.152198,0
30.311106,31.178257,0
-29.420166,-32.710827,0
-10.315315,-4.325761,0
44.683002,-14.609377,0
-30.940973,7.084794,0
-60.039265,-3.1701849,0
-30.842314,-36.213398,0
4.925821,44.641228,0
37.974705,-10.493385,0
26.783175,15.248204,0
-16.66831,56.0166,0
30.702038,26.213806,0
15.0848055,20.074076,0
-10.397635,2.116158,0
-23.910599,19.214298,0
-16.813728,18.84472,0
9.216846,32.57935,0
19.146532,31.46887,0
-26.456524,-15.347088,0
-37.608395,-30.09561,0
-31.985998,-34.029446,0
-28.29857,-32.424213,0
-46.394573,18.913057,0
-0.4939841,42.005325,0
22.310957,21.195051,0
6.157987,41.277504,0
3.9231935,29.527317,0
51.799885,-6.4403396,0
3.9545786,-9.043796,0
-29.552896,-21.588148,0
-5.082524,-20.059645,0
20.551937,41.535446,0
-3.4638188,40.37796,0
-26.928865,-47.704502,0
2.4543004,51.55354,0
-26.223911,-32.685253,0
1.1096544,6.1695843,0
2.3875053,14.573774,0
27.411999,48.530014,0
11.518383,6.9487967,0
33.154507,24.893301,0
48.11014,6.822204,0
12.11538,44.98947,0
-26.872332,-8.263844,0
0.8298809,12.331207,0
-24.190825,-33.112892,0
-16.108244,23.201483,0
-27.248026,4.397677,0
-35.309517,-2.3064973,0
-29.035303,-0.298908,0
-12.795796,39.520077,0
1.7163005,18.209158,0
7.5862894,32.30587,0
-44.555115,-17.848236,0
-19.688929,13.067192,0
16.939598,11.806152,0
18.895443,47.27189,0
9.45705,19.119976,0
16.421473,-39.07249,0
-37.123703,-32.1345,0
46.854515,2.1727176,0
42.54209,10.354811,0
42.613255,-0.4881981,0
-28.321447,32.09665,0
-17.26336,35.219032,0
9.8924675,31.840298,0
15.874868,-27.581797,0
1.1360606,39.371155,0
-23.260693,-34.186768,0
18.834028,19.234987,0
4.4588423,18.679678,0
-19.821903,-27.127823,0
10.26591,-35.526573,0
26.361727,-10.495769,0
-33.299095,-34.12132,0
20.850939,-41.740807,0
14.893561,-7.1367545,0
14.297632,14.369248,0
5.5518336,40.452267,0
1.0865812,42.77575,0
11.421077,29.380169,0
-28.75868,-36.764008,0
-24.970661,31.531551,0
-1.7857785,13.762725,0
17.313017,-4.3305507,0
13.302452,30.11295,0
-37.08959,-32.792652,0
-36.224476,-1.2737023,0
11.930375,-53.231884,0
-16.549782,-6.5355244,0
-17.13144,-3.0316243,0
-39.385185,-21.012274,0
4.5015655,38.019188,0
16.247831,-19.12821,0
14.05379,42.68368,0
17.718098,-39.55237,0
-3.9325268,10.437694,0
26.492193,27.723104,0
-8.941922,9.790538,0
-21.840721,-24.16876,0
-8.207209,2.7601418,0
-1.2092385,54.687428,0
-27.771976,-14.521958,0
6.4108057,-4.020812,0
-58.477833,8.757556,0
-14.737555,-2.716707,0
-0.47147968,19.331898,0
13.045611,42.76276,0
-29.350052,-35.508007,0
-21.204922,-39.340786,0
41.519886,19.745895,0
-15.633029,12.313757,0
22.012573,3.6859486,0
-6.866055,-15.764241,0
-38.893967,-20.874496,0
22.890087,34.8851,0
-18.851027,8.56463,0
5.588455,16.846409,0
-31.233685,-23.663017,0
-17.823627,-38.568825,0
0.8144663,15.963882,0
23.01124,26.664614,0
7.02683,50.732754,0
4.071738,15.728558,0
-32.006935,-41.058983,0
-34.764496,-2.4233322,0
6.8047233,19.691816,0
-32.329315,2.7445025,0
39.8867,-4.0935307,0
-2.0206242,54.422626,0
-42.486313,-30.126871,0
3.7846687,-28.391302,0
25.345716,-5.169106,0
30.968428,19.046162,0
-52.820972,2.9697342,0
-25.858866,-11.289314,0
0.8488645,43.496,0
27.049864,-38.3438,0
50.449432,22.998491,0
9.891957,-23.539026,0
-15.882736,41.401035,0
11.824506,-34.73177,0
9.645813,24.723108,0
11.712348,-53.200085,0
21.621908,0.53966266,0
-2.9935448,28.39381,0
-7.036229,-0.14978133,0
8.454641,6.550278,0
-11.888216,7.272217,0
4.0669885,-28.918385,0
0.07149193,-4.3415713,0
-22.73295,14.408002,0
39.787205,34.983906,0
-6.8690667,-11.2867155,0
-24.098553,10.719213,0
-12.134588,28.38402,0
17.740473,38.88614,0
22.033546,-10.4257145,0
21.780725,-2.4624755,0
-2.2268138,32.43622,0
-16.567411,-19.73387,0
3.6581542,-21.97818,0
31.634699,-5.556479,0
-30.8292,-21.441296,0
-1.6199598,32.428364,0
-3.7368057,-19.693373,0
28.598038,15.066492,0
-36.7147,-34.88622,0
21.397066,-21.13093,0
1.7313716,30.736202,1
41.316765,18.114426,1
-37.686474,0.65438324,1
-18.6694,-5.6961584,1
53.85494,9.063679,1
48.14181,11.557902,1
-47.86809,16.316141,1
-46.826706,-2.685876,1
13.268462,13.320599,1
-17.15446,-11.422697,1
51.69761,8.637932,1
25.199638,-42.257473,1
45.01454,5.721112,1
24.951967,-4.813743,1
28.946796,-0.8664812,1
-25.610947,27.668152,1
24.520838,-40.911007,1
-25.309263,31.267315,1
2.3375926,21.54353,1
15.148947,14.133232,1
19.974438,26.10661,1
-6.5124397,35.491547,1
38.974186,22.633108,1
-10.33878,-4.638959,1
-4.4764013,8.253937,1
-20.978777,-36.624058,1
-49.056374,-1.2661831,1
-4.29456,-7.915324,1
-43.873253,-0.659382,1
-44.78907,0.7819326,1
24.415646,-25.72431,1
-52.975643,0.47893128,1
8.92639,-14.118847,1
1.1463561,12.280436,1
3.328532,32.789997,1
-14.372703,-0.35958812,1
-43.773895,-2.6510623,1
52.352226,7.111635,1
-37.447575,-0.68210715,1
14.960091,16.977959,1
-20.171467,-13.340585,1
24.30294,-26.42074,1
25.836588,-35.688362,1
32.280193,-40.189415,1
-48.289165,-4.214317,1
-23.683989,-6.634132,1
24.757725,-3.2754345,1
-37.594803,-2.0994196,1
12.2985935,-1.8679582,1
-21.69885,-49.69091,1
49.2706,2.3421552,1
-44.300816,3.0966249,1
48.153957,7.8013315,1
-15.555969,40.922443,1
-26.46653,-27.583282,1
-43.049706,-9.603753,1
13.847245,-4.6018577,1
12.579388,3.38045,1
22.775248,3.5823026,1
17.675333,12.342364,1
5.2577844,-26.57978,1
52.94018,8.5520525,1
45.99273,13.1862755,1
1.9177855,-20.583334,1
9.377077,39.72326,1
13.887323,-22.644913,1
-41.166237,0.58301276,1
-44.92911,1.2058158,1
-42.239056,-9.724383,1
45.111496,8.950016,1
-33.873085,7.1968555,1
-44.870872,-8.011514,1
14.997744,-5.7559924,1
-42.970947,-3.8542054,1
18.024998,11.683091,1
42.24044,5.138223,1
-51.866985,-7.6424103,1
-49.86532,-4.7750745,1
-7.7843385,0.03084567,1
15.786933,-19.2845,1
35.244217,37.025738,1
20.728613,3.2088358,1
20.126722,-41.183395,1
-33.723186,16.57548,1
-40.048122,1.1928849,1
5.8075404,-23.573593,1
-13.221654,-33.203564,1
25.344137,-43.80063,1
-5.4645467,40.67525,1
-29.438492,-2.435653,1
14.308721,41.719986,1
-48.114567,-4.0782337,1
-36.920486,37.355526,1
-12.1140785,19.72158,1
26.079798,37.299854,1
-13.994684,-41.529213,1
-24.534748,5.9033237,1
-37.514668,-5.828407,1
-9.113509,-29.950136,1
-42.285915,-4.6704297,1
-40.947628,0.078388646,1
-51.129436,14.070605,1
-44.089783,22.448446,1
4.03179,-7.493476,1
38.10724,-33.086678,1
-40.40388,-3.6126142,1
28.110825,34.819927,1
-9.383018,18.691961,1
-40.647385,-2.395379,1
25.297258,1.1569293,1
17.920324,-8.689506,1
-45.07503,1.9361207,1
-13.2692375,-43.620537,1
-7.720286,1.645835,1
31.535206,15.955574,1
16.51854,-22.142069,1
-47.113464,-1.1571469,1
-24.8914,-0.19648764,1
24.715559,-21.164154,1
-52.57132,-3.4563007,1
25.385447,24.004335,1
-40.044205,-2.2631047,1
25.26765,-26.18922,1
-47.029762,13.784133,1
9.956959,31.336535,1
-3.338983,-14.245089,1
54.592678,10.794504,1
51.094173,7.7156763,1
-11.432746,2.805128,1
1.4873236,-16.989182,1
43.328537,9.573745,1
-11.684388,49.261627,1
8.617247,-29.467308,1
24.158527,-9.355541,1
-2.1661599,-16.751781,1
2.5854523,21.757513,1
-49.223873,-1.846418,1
41.106155,8.693683,1
-36.468906,-9.79313,1
-55.14918,-10.536757,1
34.356598,33.420193,1
-38.885567,1.0437412,1
2.3561194,8.556353,1
18.996344,-40.264355,1
42.55569,6.8928943,1
-3.4331577,-19.57013,1
-12.883543,23.169104,1
0.5998232,-26.849417,1
45.62935,11.471362,1
-39.58206,-5.052739,1
-9.611926,-34.136185,1
-38.52344,-1.0427585,1
13.6078615,42.21891,1
-30.454721,-1.8430942,1
-4.1361246,-2.1057913,1
34.51175,26.458715,1
-12.573403,-44.80662,1
-16.764328,7.780197,1
-19.336927,26.292133,1
-23.405079,28.928389,1
-57.250477,4.6769443,0
-20.471931,-45.431274,0
12.965625,43.442043,0
-52.31418,-5.012299,0
-8.451906,-10.733289,0
28.71833,25.485924,0
-12.352251,-5.488014,0
-29.076967,-43.226933,0
6.803211,-32.382484,0
-22.327566,-24.817066,0
34.70317,7.475403,0
3.8559687,-41.898315,0
-1.3577096,34.066547,0
13.568899,-4.877792,0
-19.929516,-47.982143,0
-22.235355,5.8964977,0
27.352705,-5.7702265,0
-59.416298,-2.7189102,0
46.168404,-1.9765338,0
43.98087,21.726292,0
-9.916084,18.567963,0
-47.552345,-27.291052,0
57.667625,3.0510561,0
24.198479,19.722252,0
-33.562103,6.900844,0
-36.947937,13.930169,0
24.335108,-41.74076,0
0.23093523,-39.45728,0
-0.30580252,-2.8942947,0
10.88809,-17.251642,0
38.902546,24.015045,0
-2.1912467,-14.7741165,0
36.183323,35.60872,0
-20.24488,19.121096,0
4.0502787,40.888702,0
21.661116,10.189198,0
-55.89713,-5.539061,0
-20.46117,10.014345,0
-5.49427,-3.3132997,0
-32.249355,-3.3418846,0
-14.572257,-4.990933,0
-38.68079,-30.522055,0
-26.776669,4.918233,0
-48.77167,11.499155,0
-40.84046,-26.204033,0
-0.1171156,-11.490678,0
-7.6179295,-30.683271,0
-54.5504,-5.176316,0
10.410264,-15.314537,0
-22.076822,22.993624,0
19.941622,-8.878993,0
-21.578573,25.617962,0
16.660324,-21.945644,0
2.0676925,-9.619039,0
-31.290293,-39.637066,0
35.104942,33.318783,0
12.748573,-14.54811,0
12.020443,-11.434238,0
-28.672276,24.969625,0
14.60937,-43.990723,0
-48.408844,7.0611906,0
17.256618,-39.563732,0
54.01503,5.0897264,0
35.23661,-9.794674,0
-27.020046,-30.135794,0
12.5547695,40.357407,0
-21.504501,-49.589237,0
-20.033806,-37.274094,0
-19.887081,13.336515,0
20.504816,43.86794,0
-28.14279,1.7514675,0
-19.89351,-48.047623,0
-58.814854,-1.8107836,0
42.834137,24.305862,0
-9.222532,-10.017175,0
14.519261,-5.785363,0
9.032655,-0.64901346,0
18.645618,-22.604969,0
3.2247117,-11.6612015,0
-16.326761,-22.131842,0
25.95124,-4.154699,0
2.6499994,36.986877,0
22.283401,12.380717,0
2.9464974,-8.913527,0
-18.695547,-46.441875,0
23.38843,-2.4293888,0
39.62335,33.76049,0
18.2792,30.996103,0
-61.90327,0.64357793,0
18.809757,-6.44064,0
-28.21186,7.857529,0
-62.75286,4.2520685,0
34.281178,-18.809633,0
39.5303,23.461449,0
50.01628,21.11837,0
40.78824,2.6984227,0
-18.120346,6.236456,0
13.6601,-42.247623,0
-19.393763,17.600363,0
47.080627,-21.611538,0
4.593695,-20.37902,0
39.947445,-8.09391,0
-46.689236,-28.070126,0
47.746674,-13.100022,0
-8.974573,-38.095245,0
-30.018814,-13.805663,0
39.43196,23.469,0
4.8879375,32.656883,0
-5.1327176,-25.974712,0
-48.939754,5.583489,0
20.618618,28.065958,0
-54.85534,-5.808138,0
46.995327,3.3604975,0
-32.02254,-44.2606,0
19.029583,8.145455,0
40.693935,14.047694,0
-5.790518,-13.933579,0
-2.2490964,-31.853165,0
27.28461,15.52204,0
-10.927869,7.371124,0
24.666891,36.665474,0
38.124043,31.97482,0
-37.65429,7.4451213,0
44.405056,24.032986,0
28.411198,-3.477206,0
12.75064,-13.156655,0
-59.68609,-3.1039226,0
-14.143058,48.598267,0
16.031652,-10.551501,0
30.67719,31.95906,0
-12.536411,38.834213,0
-13.159899,11.938623,0
34.715816,23.082481,0
-13.853757,-31.374758,0
-19.182411,25.944338,0
17.681826,10.527807,0
-58.26576,9.7288685,0
16.051205,18.339014,0
-3.2580562,13.970057,0
-9.187512,-7.2195234,0
50.278366,19.563705,0
-10.002567,-5.5079966,0
23.991112,-3.7468367,0
-2.180379,-2.9391744,0
-17.320621,15.739108,0
-8.027202,-15.138721,0
-19.80669,-33.994324,0
37.320103,-19.118595,0
-22.985044,3.4250615,0
-23.057295,-13.343022,0
-21.869486,7.7628407,0
43.185505,22.214302,0
13.405446,-43.367775,0
26.856243,-16.234161,0
20.60005,-15.945259,0
-22.682396,22.491869,0
-4.585192,-26.673555,0
31.803633,27.142363,0
44.1795,28.382587,0
35.55975,22.238089,0
12.904096,-11.901258,0
19.452316,-26.325628,0
25.913118,9.335974,0
-20.703568,6.6616054,0
-6.3817716,35.27921,0
-14.708754,5.754286,0
22.11879,45.638695,0
-18.495304,-41.01781,0
-33.56927,-20.146338,0
-50.793526,21.949303,0
-12.1795845,8.931602,0
51.294147,12.575585,0
46.774162,-25.385054,0
-56.19379,3.1618857,0
20.134722,43.69803,0
-11.597416,7.474808,0
-43.388435,-19.510439,0
4.555364,-20.504162,0
1.5158718,42.097084,0
-12.785443,37.37528,0
-17.532015,2.02285,0
20.4902,-18.790253,0
46.210495,26.03102,0
3.9166555,-15.598943,0
-24.569767,-15.237602,0
-7.4420786,-0.2973657,0
37.98198,27.145134,0
-22.59411,4.4382334,0
30.601171,-5.6567335,0
30.666996,11.2253895,0
28.015026,15.60001,0
35.466652,27.538765,0
12.866091,41.87438,0
32.09756,30.96496,0
10.846123,-35.25429,0
37.530396,9.501712,0
20.66857,30.29276,0
0.3026727,40.01409,0
25.404621,-10.504294,0
-6.9641733,34.961018,0
-27.259684,29.667988,0
18.70656,21.746212,0
-18.745277,5.5305085,0
-4.7088904,18.73394,0
-21.59111,23.333658,0
13.5083885,-42.73863,0
16.131086,-10.434925,0
-43.937202,-19.145132,0
49.772694,-0.21760646,0
-10.881127,-24.167572,0
-24.84022,9.970951,0
45.985004,26.277588,0
-10.990087,-13.883186,0
38.30749,-8.045905,0
35.60277,-13.671278,0
-61.421543,0.18078423,0
32.652126,2.4048464,0
14.678569,-11.7347,0
-15.466748,-45.44917,0
16.26617,46.56363,0
30.389978,42.403004,0
4.4418325,53.613426,0
45.55971,-5.4408,0
-24.462715,25.170073,0
-10.265967,28.154472,0
12.667088,29.872078,0
33.84454,16.356474,0
-7.7702928,-34.83385,0
56.129536,-1.8100283,0
44.508583,-0.28347084,0
-45.275368,-21.145418,0
17.993464,-8.351238,0
-37.107525,-29.460884,0
-16.970749,11.57922,0
26.748158,8.589134,0
-16.026213,-6.244194,0
8.493886,-12.84635,0
-7.230729,-6.0444107,0
16.248219,14.768606,0
-52.509743,-4.3881607,0
-28.245634,-13.427023,0
-28.409887,8.176713,0
1.1513234,-41.0707,0
27.809486,14.166209,0
-38.6513,-26.919249,0
-11.992719,-34.49041,0
19.33608,-16.691607,0
-43.46702,-26.360188,0
11.56215,-17.737219,0
-27.895994,12.895894,0
6.8379717,-32.054886,1
-7.7969794,-32.61433,1
13.126617,-22.287617,1
53.05899,8.63298,1
43.97905,-11.476451,1
-43.909584,-16.912241,1
26.50186,-4.663056,1
-7.879718,-21.976439,1
-37.831703,6.559798,1
36.76158,14.332989,1
-21.358288,52.389565,1
54.98582,9.526093,1
14.781604,41.499744,1
30.107706,-15.437516,1
6.3937116,8.340976,1
-41.1431,-2.9360845,1
22.529823,-11.763096,1
8.986237,-11.952022,1
21.991905,31.931957,1
33.196453,15.679345,1
26.653711,-12.313958,1
23.95722,-2.9188285,1
-44.55659,16.606707,1
-21.157286,19.232439,1
24.996431,0.76461077,1
45.356007,0.12137044,1
26.224852,14.872543,1
50.28653,-8.308816,1
13.990229,-1.8114548,1
27.0523,-11.4992485,1
-50.049664,14.073329,1
19.095415,7.993503,1
-27.133068,26.30486,1
-2.922484,1.8463142,1
-1.8324363,-22.547867,1
51.098465,17.038864,1
-27.898382,-2.653425,1
20.472874,6.8954434,1
52.783607,7.364329,1
47.28631,7.0455656,1
-24.865446,19.77068,1
9.03223,38.329037,1
-57.61116,4.710481,1
-55.45378,-3.9014513,1
16.185387,-24.852919,1
-38.53228,-13.008191,1
32.411713,24.02852,1
-46.806145,-2.25754,1
7.0505643,-18.484478,1
-48.58088,14.445957,1
-45.73267,-12.903293,1
-47.722816,-7.2745275,1
20.138756,25.220598,1
48.58373,7.8133407,1
-3.6716142,18.898684,1
-35.947758,19.000265,1
50.22281,-11.868202,1
54.43417,6.439874,1
-55.18963,-8.38556,1
41.350323,-10.890074,1
-52.799427,-3.5135162,1
-6.7479396,7.601626,1
-33.489876,-7.9285846,1
7.4590483,-3.2010167,1
-2.8459792,0.393187,1
-1.9955403,-20.172373,1
-41.77242,-2.5042546,1
45.43028,-1.4887786,1
-49.54355,-4.813769,1
-29.022095,-2.393617,1
-13.971726,4.4815083,1
25.513973,-36.593216,1
2.6120214,36.640274,1
22.929148,-10.831538,1
-47.44772,0.13379914,1
0.12837115,19.042263,1
-47.3415,-1.8308614,1
-31.50359,16.426872,1
-2.8702922,-43.748093,1
-0.071464315,14.628288,1
-55.91948,-15.289613,1
-29.889158,-5.540754,1
22.420994,-41.281696,1
54.317623,6.0145907,1
-38.76801,-43.537346,1
-48.69377,21.9497,1
51.86511,-5.778308,1
23.025127,-34.370377,1
12.978668,12.808999,1
45.88468,11.634232,1
21.804691,15.230881,1
56.675285,8.9612,1
-21.361906,-33.66762,1
55.34099,1.6941954,1
-47.85976,14.080649,1
3.7766156,23.108644,1
-38.203045,-6.314746,1
34.703777,-16.717125,1
-10.435511,3.7606893,1
51.24202,0.5041197,1
-1.1705974,-14.875571,1
-29.374283,-13.457433,1
26.897903,48.573692,1
-11.234489,21.338808,1
1.4964339,4.455467,1
23.591986,11.066477,1
1.3806597,-23.980825,1
-27.345486,11.959313,1
0.9430317,7.306593,1
8.042154,-0.077546895,1
43.812725,3.8889241,1
-20.465536,-29.092974,1
-7.2102146,34.666355,1
55.27226,9.477941,1
-12.940523,48.625736,1
-15.6656,-16.35934,1
-43.48635,-9.573041,1
-35.332508,5.3425045,1
-7.9708076,15.981359,1
-64.087265,3.9734092,1
38.380848,4.5400214,1
-52.802876,-9.208293,1
-49.5856,-6.227999,1
0.51467824,21.624016,1
38.7151,-11.828162,1
55.167255,6.1431665,1
52.052647,0.764823,1
-52.32246,-6.584219,1
-49.95635,-9.069558,1
21.266962,-37.942013,1
23.98839,-9.733062,1
12.858091,-27.498026,1
28.205944,28.600391,1
-45.28149,-1.0718106,1
22.595741,-40.531197,1
34.73462,6.8875847,1
21.039562,15.929212,1
-6.2586718,4.9933357,1
28.604204,-13.58814,1
-54.43197,-4.9588842,1
1.1762909,-14.081301,1
32.237137,-2.982445,1
-23.90141,8.590268,1
3.501264,10.989042,1
-52.82793,-9.067638,1
-55.04502,-8.153388,1
13.973626,24.02519,1
-37.41942,-16.398554,1
41.657707,-1.6156071,1
51.557007,-12.606061,1
36.350925,-5.5467772,1
-43.89385,28.676628,1
-41.829376,-2.698224,1
9.500273,18.806583,1
46.794075,7.0478344,1
56.224895,-1.7576694,1
-2.9793522,9.917073,1
-40.45374,-0.14874502,1
55.790054,9.127483,1
-1.7126036,28.171923,1
-38.92618,-12.69904,0
42.177105,8.591673,0
54.775852,-25.040962,0
1.1729208,11.563283,0
-26.638113,29.048063,0
7.1815,11.958832,0
5.7488823,13.024884,0
20.532625,30.066656,0
-31.63451,21.61881,0
42.56448,-24.718433,0
-7.6834545,-22.684732,0
38.154373,-10.653236,0
2.3637269,18.856419,0
-15.364126,23.532818,0
-29.473106,-49.560825,0
8.426453,-18.631014,0
-24.742304,47.370716,0
23.154028,-27.394625,0
35.86705,-3.1158743,0
37.756344,33.073093,0
53.302036,-25.567379,0
-18.510666,48.205338,0
-25.29076,47.296856,0
-55.540997,-11.139791,0
16.89864,-5.6214867,0
-3.85249,0.5868643,0
-5.741477,8.807662,0
-5.590542,4.0723524,0
-39.708946,-8.824578,0
-23.896828,44.527157,0
56.005013,-22.207619,0
55.241207,-12.075316,0
57.265255,-6.7154818,0
6.0755434,23.454344,0
18.72014,-30.299131,0
6.1733603,32.14406,0
-31.96623,-9.912898,0
-28.48496,-18.401466,0
19.207611,-24.627604,0
0.53179187,22.533134,0
19.628498,28.45927,0
-27.416376,29.915539,0
-42.717182,39.298065,0
-27.592731,36.75662,0
-17.477589,42.731354,0
8.501136,24.458908,0
-33.84566,0.31894472,0
-25.34855,-26.518442,0
7.5833244,14.174464,0
13.3779125,-11.103683,0
25.046904,-20.059864,0
-41.709377,-3.2220132,0
-15.13053,-22.87561,0
55.54266,-8.137466,0
-10.097507,35.341507,0
31.121155,-1.2401003,0
14.568878,-16.612957,0
32.144157,-1.0168183,0
-38.758972,-10.27941,0
51.83786,-37.66833,0
-19.946928,16.748775,0
-7.9478073,20.646631,0
55.1893,-17.398699,0
-16.397655,36.984493,0
11.363477,-17.674469,0
14.68478,-10.146361,0
36.75236,25.263212,0
-27.58244,15.489484,0
53.982334,-17.205147,0
12.033459,-9.258357,0
-7.39481,-43.698944,0
1.2064164,-6.226512,0
-23.558067,5.8744316,0
-1.9091724,-7.936313,0
-31.905783,-19.125862,0
24.143358,19.480827,0
-0.9638062,16.262072,0
53.23592,-22.876545,0
29.953846,-6.0561748,0
7.0829263,-10.937148,0
26.811378,21.009058,0
-18.422356,-11.290136,0
2.0164564,-20.31647,0
22.913654,24.532734,0
-26.358118,-27.72414,0
5.0410056,12.540481,0
-24.510874,-1.303443,0
-2.8062751,46.732456,0
35.603237,-0.3788374,0
6.9149065,10.891712,0
-20.897863,-9.10777,0
-27.774242,-5.5764055,0
-35.501286,12.542224,0
31.190443,0.401951,0
-15.258797,-45.16714,0
4.2997146,16.115723,0
-38.158985,16.277552,0
-9.188278,42.888954,0
-14.090871,-10.946027,0
-1.6064583,-9.255957,0
-27.869,30.070671,0
-49.558983,-5.963107,0
-9.270763,-1.2882034,0
51.551838,-24.626919,0
19.130962,14.795881,0
30.899065,13.162049,0
-9.079604,-55.997227,0
15.359966,-26.742874,0
-27.181368,-5.1027975,0
-29.437752,-5.084852,0
-38.23609,-17.943075,0
3.8835533,15.015992,0
18.594202,-13.584481,0
-20.39838,11.762692,0
23.417538,3.74989,0
4.4197416,4.826454,0
-31.486217,-23.792372,0
8.280098,-4.817701,0
8.775856,-5.164842,0
29.859001,25.112633,0
0.5325421,21.978222,0
-1.8680297,-6.301087,0
22.284975,-5.444489,0
51.125603,16.975338,0
-5.2060733,23.280853,0
50.074547,-29.258635,0
-7.9138384,-57.469048,0
51.83746,-37.670242,0
-19.508585,2.417203,0
3.4420552,-29.670393,0
-34.16983,-20.846186,0
-22.38111,18.229128,0
-41.086708,-7.1576114,0
51.837418,-24.607277,0
2.0523865,29.681433,0
3.6182146,-35.793625,0
-39.611893,-9.010338,0
-21.253242,52.201096,0
-37.019516,-7.48864,0
26.8863,-23.310457,0
-9.340443,-10.780085,0
31.991718,-21.956427,0
-5.7474265,1.8753369,0
-15.579896,-24.989214,0
-8.975063,-55.961777,0
-28.624187,-25.032091,0
2.7020936,-32.412422,0
45.457348,20.280794,0
-24.749823,-24.589352,0
5.532436,12.872739,0
30.295614,35.309757,0
-8.929908,-24.908491,0
29.644144,38.9516,0
44.229706,29.300646,0
-41.052338,-7.231971,0
42.819626,-17.93081,0
13.118703,-8.112911,0
-1.1506456,-41.341892,0
-24.035496,44.38317,0
48.20697,-20.948526,0
46.848824,3.0938146,0
10.644095,-20.449059,0
6.26882,11.263988,0
-2.2839394,-31.849403,0
-34.054398,-23.174284,0
21.138842,20.167135,0
-7.766752,12.89785,0
-5.330514,19.914446,0
43.966835,-16.546663,0
41.696735,7.23079,0
7.9184165,16.944788,0
5.2845273,-4.558757,0
26.450867,18.75242,0
43.137985,4.197304,0
-5.2734413,-17.926626,0
-51.29181,-12.772617,0
-16.863287,-20.61475,0
22.697418,-17.626827,0
-12.354571,-0.20185114,0
-19.385805,-33.035572,0
-14.632728,24.01143,0
21.176405,10.727616,0
8.992584,-27.206495,0
5.6658626,-16.416567,0
38.543762,-18.590708,0
-36.576523,35.70683,0
-21.540203,44.75881,0
45.515507,31.068129,0
-38.15724,27.31883,0
-37.13439,-13.803334,0
-22.321161,44.832607,0
41.032013,-24.097115,0
-37.17284,8.923837,0
1.3216434,17.92865,0
39.440548,-24.112688,0
40.32069,13.434988,0
-7.9979973,-57.817398,0
45.786674,-8.864147,0
-32.546974,33.497646,0
-20.179396,45.579266,0
-29.29928,48.350864,0
-32.860447,3.9676263,0
42.85319,31.90634,0
41.815125,3.5529125,0
-1.4308128,50.853706,0
-16.66709,18.319782,0
-44.547306,-9.752353,0
15.825111,27.14575,0
51.61798,-20.467175,0
40.55709,14.398468,0
-42.222008,19.508255,0
-15.956069,-45.986702,0
-39.97011,-10.84221,0
15.024821,-51.079548,0
-11.826398,14.334922,0
-18.536076,-19.660769,0
-36.45533,29.063694,0
36.407555,9.948953,0
-7.8748693,-57.208275,0
53.265503,-25.53642,0
-49.238956,23.814302,0
-28.747213,53.30744,0
21.10478,-37.917755,0
-35.35792,-13.336278,0
7.4854007,4.1090765,0
-1.9313926,5.473573,0
23.010305,33.493294,0
55.497494,-8.147857,0
-41.415497,-10.27865,0
-55.90599,6.9451613,0
-38.405533,25.860136,0
13.182495,11.0907345,0
21.38714,-38.49567,0
38.035233,27.267874,0
-27.918047,-35.943882,0
-48.184147,4.317047,0
12.18478,21.97008,0
3.9881341,-6.5049276,0
-16.7825,42.20529,0
41.41286,19.543707,0
-10.488682,-0.91565096,0
-22.710575,27.802195,0
-31.084297,19.042683,0
9.153813,-7.3375955,0
23.11369,-5.0928764,0
14.743413,-28.84127,0
-15.955543,-46.523155,0
42.916237,31.891636,0
49.930454,-22.690617,0
56.296223,-21.158918,0
-26.439049,35.08013,1
-21.846489,-4.470274,1
21.272467,-0.38138536,1
-12.567433,-28.07976,1
-28.205206,2.1926923,1
-60.484394,1.058993,1
42.849907,9.031248,1
-49.794933,-1.9406583,1
-5.5348434,-9.525161,1
17.074905,-27.144123,1
39.17503,-16.636326,1
-58.16442,3.5941265,1
3.7959619,-42.051712,1
-25.257137,12.98998,1
22.87234,10.886536,1
37.566357,-15.011084,1
37.80207,-20.723421,1
34.263393,14.316947,1
-5.701475,-21.557648,1
-13.457336,21.509352,1
2.1112347,-36.98686,1
12.116662,-21.028784,1
-57.025528,4.836781,1
-2.6319516,14.881586,1
-20.39987,23.973919,1
-18.531225,4.287604,1
7.4548306,0.47102705,1
40.822308,-10.590486,1
-11.968757,-23.987309,1
-32.562634,33.932777,1
-1.0228796,21.730415,1
-36.46484,7.0025764,1
13.417556,20.82795,1
34.148098,-18.644205,1
7.3851905,14.517917,1
-15.33268,-6.59396,1
-61.69158,-2.7420669,1
21.717117,-1.4038414,1
32.501087,24.537334,1
4.408704,-9.873612,1
-30.375263,1.5250139,1
0.0521137,-22.131636,1
3.8429189,-20.264353,1
47.93357,-21.0038,1
8.636305,-16.821531,1
-60.81744,1.7915887,1
16.617842,-12.52427,1
-10.910047,-20.445024,1
16.2064,25.964787,1
-0.6802426,-21.282127,1
-43.331223,12.152431,1
-17.247036,12.206359,1
8.755312,-27.280817,1
-5.901725,38.57926,1
2.1411135,-33.731514,1
-61.3088,-2.7476914,1
17.151396,-6.54028,1
39.395092,-6.3100867,1
11.565619,55.670303,1
-34.374317,-28.035063,1
21.127684,6.416698,1
-36.119614,11.2000885,1
5.0918937,-51.730137,1
-2.1966326,-41.815353,1
-21.927422,25.098852,1
-54.85939,0.95740104,1
-39.31447,6.661199,1
2.2924163,-32.821087,1
-62.498245,-6.422694,1
34.827034,1.0981097,1
-7.55668,27.515326,1
-16.342442,41.897984,1
-7.028676,-36.38748,1
23.26803,-29.347395,1
-1.8808131,13.20545,1
-18.119495,10.181462,1
46.098415,-2.4686124,1
36.152874,1.5979385,1
19.184011,35.3569,1
35.77241,13.410941,1
18.163286,-9.335735,1
20.375038,11.79097,1
-6.2191005,-22.93096,1
4.8515096,5.907858,1
34.43443,-13.114561,1
34.57119,-17.227379,1
22.011232,-19.594992,1
-23.002386,2.1111438,1
-5.144209,27.801815,1
-45.924404,-2.0693064,1
-55.78542,-11.598728,1
-21.429201,10.889648,1
-47.208546,-4.1959047,1
25.606611,-15.363039,1
-60.966103,-1.0777102,1
23.630938,-16.548965,1
-20.30579,-6.670516,1
12.308279,38.771286,1
-3.354555,19.053778,1
4.5394516,24.850117,1
41.815052,15.936151,1
-15.805043,-0.59219104,1
8.418533,35.76114,1
-8.81106,14.573794,1
-10.230394,5.838933,1
26.375303,3.623517,1
11.70867,-11.140944,1
22.82877,19.864735,1
-28.246645,7.577673,1
-0.82388836,33.594646,1
-32.163284,-26.229963,1
-65.73184,-7.4076643,1
-8.398671,7.1366754,1
-19.623018,32.18322,1
41.47941,27.479929,1
45.831474,-0.3347339,1
4.5181785,33.39649,1
37.211212,-14.314512,1
10.848262,-14.744919,1
20.70392,19.941645,1
-52.576015,3.8206623,1
-13.577514,61.78332,1
-64.409966,4.632707,1
-65.31582,-5.6855154,1
-53.252705,-10.118814,1
43.25686,6.756712,1
0.63802207,-9.638422,1
-52.608135,3.5376923,1
-13.603213,61.765312,1
20.49722,-46.867485,1
22.672043,-19.233751,1
-22.44397,-8.905393,1
50.092987,-8.123581,1
-20.39815,-0.8567301,1
-7.2154617,36.45723,1
18.668123,34.384575,1
14.475276,28.719074,1
-38.157154,5.5154963,1
0.24663164,30.847794,1
9.4103,-9.491747,1
-0.8424241,29.648348,1
-15.586109,-24.867992,1
-27.408482,-18.475437,1
-0.36510155,47.09323,1
-1.7719984,9.177713,1
18.915932,-11.617932,1
-17.140448,-16.816315,1
-19.015472,29.87617,1
0.35145953,-34.04182,1
1.2685815,-40.064022,1
40.793533,9.095883,1
-25.253572,-19.067394,1
6.357071,-11.930917,1
-14.751991,-14.614637,1
-33.28284,-8.3512,1
6.5085764,-33.573593,1
-11.830462,-23.8187,1
-32.619286,8.005789,1
4.719622,-2.7533638,1
-6.1411753,10.195858,1
23.97388,-12.457626,0
-1.1215315,-47.782993,0
9.150613,7.8955946,0
1.7268755,26.410511,0
43.46959,-20.341822,0
-42.09153,7.336077,0
17.768675,3.4952888,0
-1.8404874,24.114632,0
34.565876,1.6347519,0
19.944054,-35.65078,0
23.914457,-31.730349,0
-36.623405,23.803856,0
18.668875,-16.404234,0
26.355831,37.40116,0
-33.51397,37.776123,0
24.8848,-2.0249064,0
-36.34708,6.162933,0
11.437143,16.711136,0
-31.056847,9.384596,0
33.475197,-2.3291295,0
25.667917,24.186253,0
24.22854,15.012088,0
34.568905,5.8606744,0
-24.291653,47.4672,0
-4.9048905,52.12371,0
20.76027,49.95052,0
35.24974,-40.558235,0
24.640844,-37.200882,0
43.09911,-6.729943,0
-26.379099,23.10827,0
49.711056,-15.137468,0
24.333656,18.98059,0
-44.193207,23.73235,0
-35.781963,36.472416,0
56.572628,-3.2599626,0
35.69855,27.702242,0
28.51316,1.5634884,0
3.374674,-52.384716,0
33.746956,2.1276224,0
-13.596868,-12.9785795,0
22.670076,17.557158,0
5.396084,2.6943593,0
-13.818875,-13.218663,0
18.11954,15.497796,0
22.230658,12.773891,0
22.159061,1.0505825,0
-59.298267,1.7174374,0
-11.391154,48.097332,0
37.29754,-42.19507,0
13.148695,-47.059013,0
34.699444,36.942436,0
16.159159,-40.72731,0
52.712265,-2.802593,0
48.482437,-30.392054,0
7.3067636,32.06853,0
-8.208641,-41.907322,0
-34.91983,35.1512,0
6.893298,-47.310337,0
28.94183,-19.24533,0
46.836205,-25.455471,0
31.974623,-30.839811,0
-8.286282,-33.236977,0
20.676798,2.9734817,0
39.916046,3.8825145,0
42.16542,28.843363,0
-65.09616,-5.743091,0
-13.71059,-41.28499,0
11.417207,8.749475,0
16.497091,-0.30968824,0
40.190727,-34.454556,0
-27.71638,25.008577,0
-8.154389,36.65153,0
-27.517778,31.90453,0
1.8343424,-38.65703,0
-17.046175,-45.241314,0
-39.278904,14.146989,0
-7.8400917,50.103817,0
-16.37865,17.6569,0
-36.690544,23.270609,0
-45.358875,18.88461,0
-11.019777,16.80349,0
25.763136,5.781819,0
-31.10699,-15.54151,0
27.079016,-35.520237,0
-24.893911,17.318308,0
22.662344,30.097754,0
-33.422424,23.501402,0
41.007057,-17.983948,0
25.960217,-23.909372,0
21.576004,-43.66797,0
-23.293837,20.009768,0
5.636908,-38.984318,0
-37.839268,14.144254,0
-17.705545,-8.588679,0
-12.1150255,4.484639,0
-36.792553,-4.8069196,0
18.290997,29.618465,0
3.5558424,34.02031,0
-42.091305,7.4691863,0
-6.380541,50.68515,0
26.494587,-5.639046,0
31.572815,-40.4309,0
-1.4501024,-22.277666,0
7.969984,-39.402405,0
-17.217852,30.153467,0
-51.473167,22.238564,0
40.386276,-21.638487,0
-28.425678,45.578457,0
-44.065216,19.043058,0
34.33818,-9.298702,0
20.452446,-5.775256,0
-17.150127,-45.16727,0
21.500046,-2.3602192,0
-35.144566,38.269157,0
5.5355773,-1.2880706,0
14.745816,-51.449696,0
-17.233639,-3.312468,0
45.047684,30.299492,0
-34.097393,2.1895573,0
-8.938335,45.688816,0
-0.03389471,-22.760447,0
43.0935,-6.288592,0
36.654724,-32.8458,0
-24.71038,8.665608,0
-18.94524,35.369434,0
7.969454,-17.509338,0
11.630291,17.341677,0
52.915726,-1.5193579,0
-39.021694,-4.626914,0
24.121742,6.6128864,0
9.008182,-39.531837,0
-17.099499,0.80433685,0
35.335064,37.347317,0
-9.72101,38.488655,0
-63.733517,-6.3990397,0
-16.702026,-13.18453,0
-17.571276,-11.4360895,0
-7.461611,-9.551144,0
49.78945,-15.244139,0
7.3007326,-46.41268,0
-16.65204,0.8647676,0
-44.062313,16.763618,0
27.030853,32.118275,0
19.506842,-16.944485,0
46.677814,-7.218761,0
26.186132,25.008726,0
-0.9954311,36.21891,0
5.182131,-23.232931,0
-2.5934298,31.954779,0
-9.932416,35.23235,0
45.48384,-21.566982,0
19.277447,-29.438725,0
18.667442,-47.758698,0
-19.951849,-1.90784,0
-66.3003,-4.7202964,0
47.062496,-3.6681123,0
10.195736,49.805794,0
-20.756046,22.151312,0
52.04875,-3.358109,0
25.658815,5.3815517,0
38.91251,-35.139687,0
-6.2958407,-29.591948,0
-4.7625246,48.3627,0
-6.9305754,29.651682,0
46.124187,-6.308745,0
9.154779,14.553294,0
42.315834,-36.813984,0
-2.9780402,-27.531815,0
26.748558,17.831589,0
-35.191624,12.338902,0
-9.263409,32.341866,0
-22.963152,-16.247114,0
-35.973473,6.2448506,0
1.3806115,8.714865,0
14.48374,-12.291185,0
28.720093,-15.4045,0
-6.5270233,4.49109,0
-0.22324279,-28.884901,0
16.955154,25.004776,0
47.129093,-19.653093,0
-42.87302,31.660753,0
-34.7235,20.384928,0
9.720237,9.244897,0
3.459056,30.041193,0
-8.688746,1.830253,0
6.4494576,42.247112,0
-4.278219,22.845852,0
-5.9096637,-7.650044,0
-24.604755,-28.755615,0
21.675379,-1.7400458,0
-6.094747,22.8724,0
42.167446,2.134513,0
-27.864227,-5.0470724,0
-30.552223,-27.387104,0
12.069361,4.421182,0
10.413956,-44.900803,0
16.395718,5.952326,0
-27.190115,37.444817,0
-9.45965,-3.706945,0
28.942192,-27.682005,0
-15.925194,-13.563515,0
10.343507,-27.94689,0
-16.276945,-2.6668603,0
-22.921007,-19.02446,0
10.685212,8.010196,0
-50.47695,3.6258578,0
12.149114,21.775312,0
-29.60129,12.595954,0
1.0410265,-9.405714,0
8.722171,26.99965,0
18.352457,-38.69421,0
58.346695,-18.193323,0
-0.24597897,27.764992,0
15.574935,2.3854198,0
50.75036,-12.307613,0
-43.740746,-16.777761,0
-25.379536,-39.79954,0
37.7455,-21.103434,0
-24.302204,-4.3520136,0
7.4920487,33.226658,0
40.56576,-20.524145,0
-7.5414667,46.91325,0
20.550655,-5.720588,0
13.419022,9.530556,0
-11.734674,14.395376,0
-40.455536,10.038094,0
-32.114502,9.812556,0
32.261654,23.307207,0
0.35930806,7.324874,0
-12.113736,2.988781,0
27.692327,48.95399,0
-2.0623417,4.4019785,0
-43.73632,32.903328,0
-6.2006483,30.21382,0
5.7223864,3.3981984,0
-31.94179,16.57801,0
43.383118,-20.338482,0
20.16511,-8.974235,0
-34.17147,-25.16533,0
7.4323974,-9.595555,0
-46.038685,24.22314,0
45.151413,-2.4476044,0
11.437969,-51.5316,0
-30.432547,-13.8589945,0
5.127849,4.690378,0
25.726887,-36.697033,0
33.1843,-26.088514,0
-0.1996291,-13.888657,0
51.58513,-15.705628,0
-4.657167,58.860073,0
-9.328576,-27.29604,1
25.226171,-1.3667818,1
-47.61863,24.919323,1
-23.968973,-6.858116,1
-39.135277,25.955278,1
-14.100409,11.736566,1
25.753464,-38.298557,1
-69.665405,-1.8976461,1
-5.872287,-34.713448,1
10.243271,13.27298,1
-3.0770383,-3.4905207,1
25.125809,-0.58306336,1
23.594799,-6.9184127,1
39.49815,-24.093904,1
44.354664,-18.025206,1
23.762749,-13.966694,1
-25.376244,8.979744,1
-41.455364,17.750038,1
57.140717,-4.1000957,1
-5.5881243,17.773235,1
12.613058,-26.872849,1
-20.438723,-10.390408,1
-43.821747,19.994495,1
19.177692,7.779327,1
58.002724,-11.970626,1
55.726883,-12.172667,1
-30.23083,27.597622,1
-9.11477,34.479618,1
-17.71249,22.795671,1
30.420668,8.922643,1
-16.446049,-3.4137328,1
-43.26152,-14.528327,1
41.504932,-10.7780075,1
-37.809364,26.618616,1
40.81286,-20.624517,1
50.561314,-16.325346,1
-15.399804,-28.602468,1
3.9619203,-1.0552971,1
-26.456135,23.34481,1
-5.3190427,16.497496,1
-5.534394,25.610962,1
40.652668,-20.344887,1
16.607224,25.525757,1
58.823536,-15.588249,1
31.566456,-29.829954,1
-20.35185,16.457455,1
-46.437717,25.318377,1
59.337833,-7.239769,1
-51.288956,14.4970045,1
52.291714,-13.050983,1
-48.549633,24.452076,1
26.194136,-1.6846113,1
-5.4790535,46.94036,1
-12.918637,36.427776,1
43.749855,-10.991097,1
18.089521,-18.859222,1
-4.5390944,-26.744093,1
-15.078307,-9.501885,1
-8.817227,26.52647,1
-16.782328,55.119938,1
33.94461,27.138268,1
-12.252476,-11.697085,1
-15.047925,5.6675277,1
48.589764,-12.836632,1
18.51714,32.155743,1
-31.321106,26.891924,1
-16.093378,-28.24073,1
41.527935,2.894437,1
-17.119116,14.694059,1
36.580067,0.6253235,1
23.481842,39.851578,1
6.503277,-32.661564,1
-42.10685,28.363348,1
-13.161422,48.676235,1
-16.776379,-34.244507,1
14.552574,-22.411987,1
35.44708,30.64601,1
8.780065,-26.588512,1
39.892635,-7.9193573,1
1.2128744,-4.438524,1
23.207096,-34.622658,1
-13.899763,-31.459686,1
22.967163,40.569153,1
-2.4948664,-37.69033,1
28.635868,-18.835379,1
-16.248749,-14.130155,1
-30.81682,28.034338,1
50.03972,-16.90813,1
52.842827,-17.352814,1
21.539505,-43.500504,1
-31.894983,7.107428,1
16.625868,-33.748848,1
17.265745,-31.693682,1
25.832266,42.711285,1
35.103928,5.632166,1
31.271585,-29.467285,1
-17.329845,-13.412635,1
-19.494879,5.346744,1
57.605885,-14.81793,1
29.278692,40.396664,1
52.84014,-14.950414,1
-28.67378,-7.98927,1
36.062294,-6.9260354,1
56.09861,-12.547951,1
23.023087,39.329056,1
-31.02023,-13.1793,1
29.991102,-24.885902,1
-31.549332,-20.661907,1
42.96722,-14.878984,1
54.14585,-14.208388,1
-19.63456,5.358355,1
22.840256,20.272495,1
-20.924946,39.013466,1
29.023481,12.578197,1
23.225819,-23.56449,1
-32.90915,24.084917,1
-10.495537,23.821054,1
29.173923,-16.902454,1
33.19853,-35.011967,1
47.90936,-25.172674,1
-61.657597,1.6747398,1
-3.7080176,29.405794,1
-16.976694,55.158817,1
8.667372,-12.951421,1
33.158016,-30.66333,1
-7.155285,13.81941,1
-19.417477,33.04721,1
6.796329,-5.8455725,1
-43.012924,28.277128,1
-33.823444,0.7771941,1
39.77032,-10.19221,1
3.371815,1.5281943,1
25.279314,-19.413656,1
0.12191247,14.810679,1
-29.694838,21.394821,1
27.787209,13.2841835,1
17.42582,-42.005505,1
14.219334,16.475786,1
59.714314,-8.176922,1
6.508408,-33.82976,1
-17.399765,56.194145,1
-20.67843,-24.384161,1
46.191288,-20.70966,1
-35.111687,33.310783,1
39.39968,4.009521,1
-31.204592,11.499824,1
28.05092,-29.589363,1
32.99835,-30.756008,1
-33.69601,26.829319,1
-27.52256,-8.899386,1
58.580986,1.7164217,1
-34.51678,-25.77606,1
-23.403498,-30.318064,1
25.473154,-16.321804,1
-3.5819714,-38.55054,1
20.765942,-12.725594,1
59.93822,-9.073982,1
-21.583036,6.295551,1
-22.00448,-21.151464,1
-8.024457,25.465092,1
21.735857,38.925304,0
-9.117755,-25.091377,0
10.182536,-32.438976,0
19.898235,-35.874264,0
11.462472,37.801228,0
15.449713,-31.628332,0
-31.503996,-21.848843,0
-7.8992677,45.74136,0
28.439245,29.405027,0
19.109198,35.13478,0
-7.884308,56.92654,0
15.869314,25.103916,0
-28.144783,15.81546,0
8.761138,-43.441826,0
22.178102,-31.296028,0
-42.274857,-30.433172,0
8.171211,-52.670097,0
-2.7075148,-4.9425497,0
-42.812725,31.712734,0
1.8379134,-41.050953,0
10.266785,57.85912,0
12.271257,-46.681095,0
-16.133688,56.15601,0
-33.405563,37.709553,0
-25.98657,-23.883194,0
11.540087,-23.584145,0
-11.268551,-37.26354,0
-2.1871102,50.629272,0
6.545633,4.628787,0
5.45428,40.284428,0
-11.487898,41.55835,0
-59.52146,-2.382348,0
-7.279576,53.23188,0
-5.836839,-1.779185,0
39.578205,-2.72639,0
35.14944,-1.3949199,0
-12.344879,-20.343151,0
-44.012924,-5.407591,0
31.691353,-2.2692266,0
10.108847,-23.91898,0
-9.673058,-8.098535,0
-19.03515,34.43264,0
-12.5892105,-14.694567,0
-38.10894,6.027344,0
57.742805,-11.727311,0
7.2164803,15.739786,0
-21.443745,48.296776,0
-15.715552,12.436581,0
0.6031188,57.26425,0
-12.138789,-12.172551,0
8.374814,18.7094,0
6.755577,45.757957,0
2.005058,55.691044,0
0.28775516,57.001106,0
5.222144,-14.659563,0
-15.2062,-46.982033,0
20.186186,30.658285,0
-30.180004,12.903004,0
-38.660995,-25.168575,0
-33.226757,-32.871937,0
17.85086,39.039654,0
38.12348,17.36961,0
-9.329826,39.924725,0
11.959646,-8.415936,0
-32.736233,2.6641178,0
-0.5374834,-40.56701,0
-49.062897,11.633638,0
-36.268585,-13.659962,0
-48.813698,-9.6936,0
5.8550105,36.17578,0
21.753107,29.220505,0
-2.6222467,52.87454,0
45.127537,16.93504,0
-7.218844,-14.563378,0
-35.075886,-5.7054873,0
-34.86668,-0.5947971,0
-0.34108296,48.213924,0
-25.38263,-33.278442,0
-20.617556,-2.5425267,0
9.660964,13.455973,0
23.377483,-28.579784,0
3.2065177,-42.82565,0
15.675699,-33.360012,0
-46.363697,-10.815271,0
15.34342,-24.257154,0
27.092133,-2.6151786,0
6.8173537,-46.595093,0
-36.196033,-18.5158,0
37.156593,16.366488,0
-12.979174,-15.302759,0
41.31729,18.213678,0
-19.245705,38.557896,0
-4.5891213,50.26772,0
-51.001934,2.7066743,0
-11.274856,10.375335,0
-11.351639,-37.156174,0
-16.59026,29.946842,0
-0.99194247,4.8318577,0
25.747398,9.575932,0
33.234932,-0.6200142,0
-25.409578,7.4602904,0
12.490352,-31.851215,0
23.059254,25.208202,0
-34.148224,12.776377,0
-1.9724872,-11.796414,0
26.156271,-23.562506,0
-16.027071,37.042973,0
-35.16211,-5.726372,0
-49.91031,4.946252,0
58.413254,-13.61613,0
44.096886,-16.284693,0
13.033084,-29.562618,0
11.501698,56.034874,0
6.864632,-7.18322,0
53.379826,5.0972695,0
15.905656,27.011377,0
-28.46897,0.3777561,0
-5.034972,8.13438,0
10.151922,19.913622,0
-10.157558,-0.8328903,0
8.732272,-37.71972,0
23.01789,24.681776,0
19.670856,-23.223656,0
-5.7833185,3.1242447,0
-13.596902,46.995186,0
-34.134598,10.70381,0
-4.7399487,53.80347,0
34.180862,5.8247337,0
50.54,-9.518628,0
26.497883,18.975685,0
49.952354,-7.930861,0
-35.76402,-3.6455033,0
9.33534,21.997297,0
15.939431,-25.31267,0
-10.1338,42.927727,0
34.913002,-16.7646,0
-19.62412,-10.069007,0
21.463514,-14.128937,0
-39.167877,31.062704,0
10.994988,-8.161294,0
26.574064,16.125631,0
23.925856,45.468903,0
-45.520763,-5.265826,0
22.17943,10.053907,0
-3.153723,10.522979,0
-28.864939,16.323462,0
9.829685,-45.003372,0
-6.7601986,16.11655,0
2.5554025,-2.7815835,0
47.231003,-13.32869,0
-46.20957,-15.650794,0
9.893321,-38.449757,0
-3.0091975,-38.454906,0
1.7411052,12.370133,0
36.78129,15.496102,0
36.038914,-6.225767,0
16.792566,-15.32328,0
30.703909,18.623829,0
-0.69825894,-35.49222,0
-5.2733874,-36.99011,0
-36.511066,-18.106958,0
26.05294,31.089094,0
-42.702435,-7.692107,0
-5.6113377,51.00329,0
-33.99435,26.6816,0
22.23263,-21.652918,0
35.249603,11.76779,0
-42.649292,-23.960453,0
-23.99577,-20.139055,0
32.943726,-0.3503413,0
30.692219,43.55593,0
59.266068,-10.724541,0
32.944416,46.31583,0
-6.798488,-1.5641786,0
2.1196175,14.117919,0
-43.902885,33.10018,0
20.716272,-28.481956,0
7.4367933,-9.687723,0
-38.660465,30.38795,0
-4.1153274,0.7735158,0
-4.589128,58.390335,0
-18.853735,31.119589,0
3.011977,-37.476463,0
28.295393,18.770311,0
2.2580793,-34.240658,0
-25.52738,0.20172647,0
2.1728578,55.59513,0
33.15172,45.836857,0
-34.332417,-39.74534,0
-6.2564616,-17.467047,0
8.476904,6.6460085,0
46.325623,16.726492,0
13.458968,10.770877,0
12.7541,-29.885946,0
10.87468,-14.065246,0
-5.369991,-38.896843,0
-5.403539,-25.787271,0
-5.2150664,2.721343,0
-16.556871,-11.610998,0
9.917328,-47.277103,0
-9.534689,53.437653,0
-12.773419,41.60229,0
-31.46246,-22.32697,0
9.810399,-40.729465,0
-32.89743,-0.3122363,0
-23.864294,7.5707493,0
20.513943,7.0072923,0
14.747704,36.955067,0
-1.7583718,-42.69921,0
8.432444,53.175125,0
3.8611634,54.886505,0
31.015488,12.247552,0
19.213911,-29.505081,0
-2.5029347,-25.89496,0
-39.14828,2.003213,0
-2.038017,-8.053277,0
37.97898,23.799603,0
-14.354877,15.288109,0
6.559837,-14.211875,0
10.250115,25.283718,0
-56.497215,-9.853061,0
7.9535556,-44.35628,0
-6.5902605,7.8813424,0
-0.9097964,15.849398,0
-7.263702,-18.480944,0
-11.839482,9.831846,0
-16.740595,20.36114,0
-29.55705,20.860727,0
8.651676,-37.615185,0
-0.26908565,0.91009784,0
-6.2362394,47.73421,0
22.963415,-18.517822,0
1.2931472,-39.135834,0
-33.235424,-24.064144,0
8.5151005,-40.21614,0
28.610666,-14.895524,0
-8.489755,-7.561898,0
19.29021,-27.91515,0
-30.194447,-17.623226,0
8.72059,-43.21724,0
-30.61166,-14.579122,0
-1.8999804,-5.306929,0
7.0692472,-47.444717,0
23.340208,26.736881,0
-27.664118,38.740345,0
3.7461772,-37.615543,0
47.224186,16.543692,0
-38.121,-3.970538,0
-18.835318,-5.3995585,0
16.868134,-19.75375,1
50.198486,-0.22415693,1
37.47715,13.526054,1
8.750155,30.861277,1
3.3983061,30.271822,1
-33.04903,-5.615403,1
60.39542,-13.386514,1
-49.70506,-9.279949,1
57.505062,16.347223,1
2.6061943,-36.561325,1
-54.040073,-1.8654436,1
1.8138095,-36.265953,1
19.570765,-42.631306,1
-11.557294,32.84396,1
-18.939571,48.171772,1
30.108953,3.8006165,1
-45.043682,-19.165382,1
49.415855,7.833596,1
57.56635,-14.711004,1
8.553398,-54.703995,1
12.247188,-48.677326,1
15.435746,-19.703224,1
-20.430315,7.33804,1
53.40949,-0.30607152,1
-9.139765,5.6259794,1
-1.3516396,-32.47797,1
-20.961023,30.71894,1
4.0900717,-48.47394,1
-4.488861,-5.679791,1
-6.771574,23.114267,1
48.75606,12.081727,1
40.82991,-15.693055,1
14.743133,36.94037,1
8.483722,35.548378,1
9.379751,42.644997,1
26.587982,-12.749849,1
-34.362904,2.2008052,1
28.679409,-3.0567336,1
49.52575,4.883733,1
50.790813,-15.716763,1
-27.690054,-16.380877,1
5.158243,-5.7311964,1
33.96015,-47.416492,1
53.88022,-16.231438,1
-35.62804,-27.20909,1
33.59287,34.263233,1
-11.757028,-7.126844,1
10.169736,-36.548023,1
36.726566,-16.079056,1
-48.858772,-17.97341,1
-39.858673,-17.619598,1
-0.40340924,-13.421821,1
29.011272,-5.5717983,1
27.26945,29.75627,1
22.746061,-17.11026,1
53.992542,2.5862055,1
0.41228464,-33.05577,1
4.294912,4.934252,1
-2.324901,33.839527,1
-58.33956,5.950759,1
53.400234,9.800055,1
-11.587447,-22.815151,1
31.211357,25.197487,1
6.254746,27.042898,1
-20.018164,50.420216,1
35.189945,12.921343,1
-24.548027,-12.201863,1
-1.9138042,-29.304516,1
60.40247,-13.398456,1
-35.428646,-33.861233,1
-41.949844,26.796291,1
45.757996,-8.858051,1
-24.634281,38.13296,1
-23.285166,-27.943453,1
18.895628,-20.525614,1
2.8794892,-16.715843,1
-23.397636,28.897346,1
-0.17675164,57.095985,1
-33.12633,-33.009106,1
-6.300016,-49.585346,1
-34.857487,35.034645,1
-17.048449,-20.069317,1
-46.66933,19.253126,1
16.112112,-9.877215,1
-21.31804,-10.033772,1
-22.378893,-32.38055,1
56.98792,-19.942276,1
-9.146947,53.564663,1
9.31703,-14.896616,1
9.964667,-47.296307,1
-36.730923,28.561016,1
9.5465975,26.35134,1
49.57783,-14.619367,1
57.28452,-11.309008,1
43.19456,-15.457856,1
53.59741,-13.930282,1
-52.80419,4.869497,1
-17.251524,-14.78588,1
-3.7578242,36.41206,1
1.912464,-16.800896,1
-48.24002,19.228222,1
11.467646,6.8701715,1
57.43643,-1.5652797,1
8.456205,-0.3920795,1
-22.80296,5.252271,1
-10.001563,23.633705,1
-57.908707,-15.080844,1
-32.483402,-21.595894,1
-20.200584,10.194631,1
5.7019114,56.9546,1
-58.4725,8.463266,1
51.667484,-10.132328,1
14.8415575,47.085686,1
-46.381645,-12.625365,1
52.17956,5.694796,1
-9.560813,22.071482,1
4.32981,18.854742,1
35.335827,-21.866793,1
44.391777,4.895709,1
33.46931,5.9281616,1
-49.467064,-9.346179,1
-11.263634,-8.967441,1
-41.5248,-31.553423,1
-41.987556,27.293308,1
-7.772987,4.846021,1
-64.4863,2.4358237,1
45.19888,-0.414416,1
39.552116,15.27234,1
28.273657,17.425161,1
-27.044107,4.4425807,1
-21.80808,-25.597206,1
-30.026165,1.8047333,1
35.221077,11.98754,1
-1.7994962,-26.695572,1
4.5744886,11.819863,1
44.934456,-2.1727345,1
-44.038307,22.331158,1
5.9106116,-16.629023,1
-61.130108,-0.4622103,1
29.534643,30.659872,1
52.465397,-15.617484,1
-29.564375,-1.6867882,1
-47.38585,19.232615,1
18.401697,17.881693,1
52.14284,-11.387543,1
-6.05223,-4.6438537,1
36.93655,-19.180044,1
-2.3563302,16.14677,1
-50.98772,-3.369561,1
19.145634,-1.726549,1
49.51556,4.4527273,1
41.886673,28.646582,1
9.46505,59.314365,1
-2.7828352,-13.339496,1
3.2011623,-43.532356,1
-26.169733,38.78934,1
10.237864,57.840557,1
20.495857,-28.938984,1
18.180565,17.257183,1
21.209536,49.468254,0
14.329671,30.9197,0
20.881474,-37.867664,0
29.118437,-5.056566,0
-15.153299,-5.2078347,0
5.0919824,-4.96971,0
37.531055,33.42852,0
-1.0950114,-21.817734,0
22.752876,49.661007,0
38.840973,-35.446186,0
-24.236338,-15.331765,0
35.3264,37.926426,0
-46.697926,-29.393291,0
-29.980013,-33.816696,0
-20.870079,30.828356,0
-60.1469,-14.393659,0
-24.067717,25.020203,0
19.969126,-37.72018,0
9.334735,39.3837,0
-10.026328,22.787659,0
-2.3186655,48.54397,0
-21.096907,38.82401,0
-22.95538,-35.59823,0
-31.711395,-44.863045,0
-23.936422,-39.988155,0
-7.2813396,20.525995,0
-22.241545,14.228059,0
21.690468,49.52476,0
19.721947,18.260353,0
-13.388225,20.372108,0
-10.709638,30.463234,0
-13.689268,-43.052963,0
-25.968493,-28.951157,0
17.322836,51.104496,0
6.5886865,-2.4852846,0
0.7348649,48.50311,0
10.050037,-15.919147,0
-26.859375,-47.528736,0
18.274889,33.862217,0
-20.541353,-42.571342,0
-30.102924,43.856266,0
10.230428,10.670201,0
44.35032,29.567682,0
10.039047,5.929748,0
55.486782,-17.469976,0
-14.8926935,-39.22168,0
1.9672602,-13.05396,0
-24.103634,17.568838,0
-24.278511,-32.59335,0
-6.4546547,33.190727,0
-36.683006,-27.966211,0
-11.133184,21.906986,0
-10.4398775,37.55347,0
-14.540146,-6.663472,0
15.680426,1.064174,0
48.06479,-5.028762,0
50.35093,12.700422,0
-3.8635852,41.91363,0
-16.03205,-16.239458,0
9.828258,42.490845,0
-15.796536,-54.48862,0
8.448493,22.47018,0
40.23838,-38.11692,0
18.799664,47.29344,0
-36.897625,-43.723133,0
-26.27599,8.999462,0
-0.36197078,-7.140986,0
-2.8666346,13.669693,0
-33.67411,-23.98208,0
-39.43575,-17.5588,0
-6.997474,32.08501,0
51.872517,-17.863277,0
54.151413,-18.913149,0
-23.379995,17.506533,0
-44.308437,19.001657,0
-5.4928718,41.956863,0
-43.86696,-14.488466,0
21.17935,47.645153,0
-39.04476,-32.301975,0
-14.39152,-1.6913598,0
32.903496,5.9770093,0
-8.28371,36.88334,0
-37.288025,-16.992146,0
-3.1917195,37.09881,0
15.097053,-34.704803,0
40.206593,-4.4042296,0
-29.557411,-43.707157,0
-22.121616,-27.72465,0
12.259094,-46.324314,0
11.54632,44.781635,0
31.365587,-5.2088203,0
-24.32996,-37.336086,0
18.92431,-42.787827,0
51.414726,-20.537815,0
13.575544,43.62257,0
-41.105747,-28.006227,0
0.9211323,42.86995,0
-0.94219637,54.874462,0
-20.639175,-7.741504,0
42.02395,-1.7282571,0
-35.274273,-33.647663,0
-26.565113,-35.14447,0
17.474531,50.989567,0
15.599132,-46.11949,0
12.5150175,10.994464,0
37.89747,30.523983,0
53.358738,-0.09239907,0
-27.395168,-21.3511,0
-20.078463,45.185696,0
-37.088737,-43.65792,0
-7.5809555,46.18355,0
33.818676,27.571848,0
-1.4397993,27.321955,0
5.2154303,-16.371426,0
40.20002,30.543695,0
5.3453827,-26.46639,0
15.587092,0.53587085,0
2.1053429,-19.773077,0
-14.902427,-39.65449,0
-13.552758,-44.034836,0
25.745512,12.420738,0
-20.531593,-40.519688,0
-31.016457,-32.304512,0
42.369297,10.746561,0
-8.798376,0.23876579,0
-35.39942,-36.99634,0
-26.456263,-5.010769,0
-28.660751,-32.777676,0
47.20001,-2.3722982,0
45.912792,23.250593,0
5.5405974,-21.66663,0
-24.207594,-36.805977,0
-16.711884,3.2597876,0
-38.32009,22.512835,0
-8.417575,3.116062,0
18.691671,-42.748627,0
2.1362896,-11.192328,0
13.088284,10.389885,0
3.0365894,47.971752,0
35.083393,-7.075869,0
17.223154,2.3323598,0
-0.95684105,40.555023,0
-12.324129,-34.79864,0
52.398327,-17.71539,0
52.902916,-9.447063,0
5.060397,1.7952024,0
-32.02988,-45.444477,0
29.168135,0.94545573,0
22.923536,-37.248745,0
5.8198776,53.06537,0
-55.847313,-5.5544033,0
10.279735,45.671745,0
21.808922,46.018787,0
-14.287284,8.325643,0
8.350721,-18.697437,0
-49.6449,21.987703,0
-24.669662,-27.272184,0
-5.862316,32.38166,0
50.030502,21.02915,0
-22.912647,-20.600851,0
56.085457,-20.67806,0
-2.1137886,4.2091584,0
31.777536,-5.656609,0
-0.3836708,39.87374,0
6.764334,27.261839,0
21.129038,-20.598326,0
-33.418495,-17.327059,0
0.9249585,33.915726,0
-20.51637,13.957358,0
46.741745,1.723816,0
19.130993,29.449293,0
-18.205969,-24.797516,0
-36.069237,-31.719816,0
-19.366814,17.74663,0
-2.1246073,-27.824589,0
-39.27902,-17.523655,0
-26.743027,26.04097,0
19.307161,12.389371,0
22.079548,-14.430766,0
-5.673381,-28.541468,0
11.173386,9.346406,0
35.59326,-11.072185,0
3.1301334,37.02667,0
-13.873712,7.902809,0
-33.489628,-25.188234,0
-11.358197,22.943241,0
12.410383,3.6678138,0
-12.530803,48.833942,0
-9.321817,12.358564,0
5.732288,-6.599634,0
-6.2282176,13.543046,0
-17.019238,6.392276,0
17.44996,50.210243,0
-31.435646,-44.180973,0
-37.562393,-30.126968,0
10.803652,45.30108,0
29.357296,-5.251639,0
27.032143,13.810625,0
-7.616486,19.950003,0
-3.4436297,-5.102937,0
-20.435785,19.335318,0
12.57393,31.544931,0
7.2902746,4.977508,0
40.105778,31.578299,0
26.260353,-0.8016033,0
-38.664333,-24.976233,0
2.1531105,46.58843,0
17.652233,1.9933983,0
-5.9528456,-3.2333198,0
3.479011,50.999123,0
19.57985,51.898624,0
30.30459,-7.8163705,0
-42.685905,-19.670816,0
53.124214,-3.2900681,0
-56.109257,17.844278,0
42.034782,-24.156157,0
46.654957,29.535534,0
-20.136482,50.38917,0
47.880928,1.1895173,0
-11.191112,-40.56821,0
-21.713743,-42.756752,0
5.9281673,47.726402,0
54.046833,-22.276764,0
-24.920324,21.206848,0
50.8259,12.69509,0
-12.098608,49.040283,0
-21.187492,-40.748516,0
-23.816025,-27.758665,0
-35.004787,-27.998516,0
-10.357509,-17.155937,0
15.404054,-33.40106,0
-10.175319,-16.713503,0
-37.511284,-17.731915,0
1.0625054,3.211957,0
25.45629,-43.861195,0
-26.05782,-31.920076,0
34.834473,19.884771,0
43.78655,22.081535,0
-13.467195,-2.5919435,0
-34.832745,-36.450813,0
16.262186,52.684956,0
-18.43204,1.6560102,0
-30.270197,6.153901,0
-14.241143,18.115532,0
-42.594666,-23.013891,0
10.037453,10.378732,0
4.793492,31.600996,0
57.937206,-18.530537,0
56.70605,-20.468302,0
-8.155731,-30.711123,1
0.79695493,48.405304,1
-12.56946,-17.091862,1
33.29132,-10.089887,1
34.643955,34.768616,1
-15.111995,30.010233,1
11.40202,-7.137332,1
-20.70486,38.486794,1
26.490816,-6.885599,1
-24.518684,-24.165226,1
13.4324,15.399983,1
39.325222,6.9709845,1
-3.1697044,45.432133,1
-50.871708,-17.797728,1
14.097402,23.707747,1
-21.66131,-31.68917,1
-23.658873,-43.794033,1
33.651443,-41.483574,1
-22.625801,-29.181929,1
43.974365,-1.1933435,1
-3.2196543,45.397537,1
31.896986,-6.817774,1
-57.85741,-13.659147,1
10.664012,-4.213495,1
-22.09412,9.733294,1
-43.56942,8.412936,1
18.879967,-19.451687,1
-5.940373,31.819803,1
25.895258,-15.225987,1
24.179928,-9.442181,1
32.90866,-26.501839,1
35.1173,-40.414608,1
39.130848,7.1313095,1
-49.41713,-15.041638,1
43.23165,-4.3734026,1
0.6350847,-23.567347,1
-65.1969,-8.512755,1
31.997005,31.13026,1
11.885223,1.0872046,1
-23.266588,24.868587,1
-36.113754,29.669909,1
13.017232,-1.4017353,1
-58.995903,-12.823682,1
34.669456,-43.863644,1
16.292685,-3.337632,1
-54.81656,0.8308276,1
17.66364,2.854027,1
-41.116688,8.892057,1
27.930553,-43.83362,1
-1.3213265,-24.949791,1
13.755185,26.167486,1
16.335432,-4.432127,1
-28.44975,-18.45592,1
13.975026,26.102264,1
25.45994,15.491281,1
-25.363108,4.06636,1
-47.493103,-13.46384,1
-45.31625,-13.773662,1
-33.087757,-20.602158,1
34.44226,-36.378372,1
-58.377277,-14.481032,1
24.810907,5.131344,1
36.87119,-39.379814,1
35.9676,-40.33897,1
44.494328,0.89309406,1
15.010694,28.850924,1
-42.859966,-19.650028,1
27.492529,-45.055336,1
18.336819,-1.49185,1
39.196358,-39.65371,1
27.708275,29.319248,1
-40.877113,8.7407255,1
-36.786957,4.515192,1
-53.24463,0.64489394,1
-2.4213092,-35.769016,1
-9.238035,-32.050568,1
39.053623,2.2485218,1
-1.2714025,-3.9560819,1
-18.526844,-16.903015,1
20.891665,-45.991776,1
-7.5030704,18.776844,1
-38.4739,6.4196734,1
7.2563787,-17.380857,1
34.631107,-43.741375,1
-28.723223,-20.8512,1
-51.65523,2.961914,1
34.141068,-36.611786,1
33.690876,-36.421932,1
33.871387,16.620403,1
-7.586273,19.581429,1
-63.05341,-11.365146,1
-21.768959,-16.226809,1
17.645145,12.767071,1
-45.128918,-9.689256,1
-24.85492,9.164475,1
22.39327,-27.360518,1
-24.75639,34.849194,1
-13.06247,14.839025,1
-34.582687,22.004856,1
25.201662,2.7508514,1
34.850964,-33.724625,1
15.518197,5.304604,1
-23.435635,-30.625694,1
19.854486,29.932814,1
-39.27558,-43.99707,1
11.053311,-4.0686355,1
-6.000733,27.835567,1
0.6422871,-26.679632,1
51.57421,-5.0041456,1
-48.511524,-13.197903,1
-32.8844,8.313974,1
15.023676,-16.511663,1
17.851753,21.22186,1
31.47944,-14.237481,1
-33.995296,17.59321,1
31.86785,1.0284439,1
15.746054,2.6985602,1
13.38681,-14.357356,1
25.936657,12.480742,1
-46.960457,-22.006138,1
-5.306534,51.708836,1
7.393044,-22.415245,1
11.935576,1.8312885,1
13.08764,-26.227997,1
29.279072,5.0910835,1
-16.129549,32.314766,1
3.4714367,8.47968,1
-14.789863,32.145096,1
-25.282202,3.3284829,1
-6.0747395,42.754257,1
-7.4455233,13.687125,1
12.268169,-20.157274,1
-6.5697775,41.960403,1
-49.082287,-18.854517,1
24.137026,3.0545318,1
-0.9047216,25.689789,1
10.020957,-24.555222,1
31.42583,-36.419678,1
24.799498,3.5585895,1
-49.36243,-17.68043,1
-5.05188,21.863577,1
10.431421,-32.266083,1
10.163199,1.7244091,1
28.048744,-32.390205,1
-14.978523,-41.669304,1
-35.558002,11.862121,1
-27.955109,36.528656,1
-6.2642126,22.952888,1
-29.298635,13.655736,1
35.356174,-10.407269,1
6.567631,-6.721568,1
-2.9108858,33.979412,1
36.52818,-36.095333,1
-0.65968984,-18.019321,1
-42.015038,-28.845625,1
28.705725,26.484026,1
5.2691393,-23.11863,1
-9.257374,-29.797338,1
32.05808,24.762627,1
