Model,Accuracy,Precision,Recall,F1-Score,Train Time (s),Prediction Time (s),Total Time (s),Memory Used (MB)
SVM - rbf,0.9807262569832402,0.9480968858131488,0.8353658536585366,0.8881685575364667,0.775505899975542,0.28249770001275465,1.0580035999882966,0.58984375
SVM - linear,0.9798882681564246,0.9571428571428572,0.8170731707317073,0.881578947368421,0.5203737000119872,0.08129259996348992,0.6016662999754772,0.15234375
"Decision Tree - depth=5, min_split=2",0.9787709497206704,0.9344827586206896,0.8262195121951219,0.8770226537216829,0.05985409999266267,0.0007422000053338706,0.06059629999799654,0.0
"Decision Tree - depth=5, min_split=10",0.9787709497206704,0.9344827586206896,0.8262195121951219,0.8770226537216829,0.045791300013661385,0.0006407000473700464,0.04643200006103143,0.10546875
"Decision Tree - depth=5, min_split=5",0.9787709497206704,0.9344827586206896,0.8262195121951219,0.8770226537216829,0.060045699996408075,0.0007045999518595636,0.06075029994826764,0.0
"Decision Tree - depth=3, min_split=5",0.9776536312849162,0.8974358974358975,0.8536585365853658,0.875,0.03808569995453581,0.0005772000295110047,0.03866289998404682,0.0
"Decision Tree - depth=3, min_split=2",0.9776536312849162,0.8974358974358975,0.8536585365853658,0.875,0.04040959995472804,0.0006017000414431095,0.04101129999617115,0.6640625
"Decision Tree - depth=3, min_split=10",0.9776536312849162,0.8974358974358975,0.8536585365853658,0.875,0.02944539999589324,0.00031969998963177204,0.029765099985525012,0.0
SVM - poly,0.9779329608938547,0.9399293286219081,0.8109756097560976,0.8707037643207856,1.1601830999716185,0.10824039997532964,1.2684234999469481,0.0
"Decision Tree - depth=10, min_split=10",0.9743016759776536,0.8881578947368421,0.823170731707317,0.8544303797468354,0.09504159999778494,0.0006368000176735222,0.09567840001545846,0.0
"Decision Tree - depth=10, min_split=2",0.9729050279329609,0.8786885245901639,0.8170731707317073,0.8467614533965245,0.10190519999014214,0.000665400002617389,0.10257059999275953,0.0
"Decision Tree - depth=10, min_split=5",0.9726256983240223,0.8782894736842105,0.8140243902439024,0.8449367088607594,0.09913970000343397,0.0006044000037945807,0.09974410000722855,0.0
"Decision Tree - depth=None, min_split=10",0.9695530726256983,0.8249258160237388,0.8475609756097561,0.8360902255639098,0.12220990000059828,0.0009278999641537666,0.12313779996475205,0.0
"Decision Tree - depth=None, min_split=2",0.9684357541899441,0.824773413897281,0.8323170731707317,0.8285280728376327,0.12840480002341792,0.0008240999886766076,0.12922890001209453,0.0
"Decision Tree - depth=None, min_split=5",0.9650837988826816,0.8048048048048048,0.8170731707317073,0.81089258698941,0.19276439998066053,0.0008307000389322639,0.1935951000195928,0.0
