Model,Accuracy,Precision,Recall,F1_Score,Execution_Time_seconds
Decision Tree - min_samples_split=10,0.7441860465116279,0.7799769997444416,0.7441860465116279,0.7489072512328325,0.010639999993145466
Decision Tree - max_depth=5,0.7441860465116279,0.7541741204531903,0.7441860465116279,0.7410360526639597,0.007342400000197813
Decision Tree - min_samples_split=5,0.7209302325581395,0.7608980167119701,0.7209302325581395,0.7248658318425761,0.006361300009302795
Decision Tree - min_samples_split=15,0.6976744186046512,0.7176931595536247,0.6976744186046512,0.7018400204446716,0.007139299996197224
Decision Tree - min_samples_split=20,0.6976744186046512,0.7176931595536247,0.6976744186046512,0.7018400204446716,0.007093700027326122
SVM - RBF,0.7209302325581395,0.6762873754152824,0.7209302325581395,0.6941927789639718,0.009904700011247769
Decision Tree - max_depth=None,0.6976744186046512,0.727906976744186,0.6976744186046512,0.6930232558139534,0.00904659999650903
Decision Tree - min_samples_split=2,0.6976744186046512,0.727906976744186,0.6976744186046512,0.6930232558139534,0.009452300000702962
Decision Tree - max_depth=7,0.6976744186046512,0.7196013289036545,0.6976744186046512,0.6929210324559161,0.007915199996205047
Decision Tree - max_depth=10,0.6976744186046512,0.7196013289036545,0.6976744186046512,0.6929210324559161,0.008867900003679097
Decision Tree - max_depth=4,0.6976744186046512,0.6741971207087486,0.6976744186046512,0.676309736774853,0.007222999993246049
SVM - Linear,0.6976744186046512,0.663528977482466,0.6976744186046512,0.6741834949332944,0.011982099997112527
Decision Tree - max_depth=3,0.6976744186046512,0.620969317959742,0.6976744186046512,0.6555402586910465,0.006373600015649572
Decision Tree - max_depth=2,0.6046511627906976,0.49944629014396463,0.6046511627906976,0.5427549194991055,0.011548799986485392
SVM - Polynomial,0.5348837209302325,0.5789728682170542,0.5348837209302325,0.4670891468458194,0.008267700002761558
